play_ID,batter_team,bearing,pitch_name,inning,balls,strikes,pitch_mph,launch_speed,is_home_run
1,BOS,center,Curveball,4,0,0,80.6,64.5,no
2,BOS,left,Curveball,3,0,0,82.2,105.6,no
3,BOS,right,4-Seam Fastball,3,1,2,95.4,64.2,no
4,BOS,center,4-Seam Fastball,4,3,2,94.8,100.3,yes
5,BOS,center,4-Seam Fastball,4,0,2,93.6,97.4,no
6,BOS,left,4-Seam Fastball,3,2,2,94.2,80.7,no
7,OAK,left,4-Seam Fastball,8,1,1,93.9,86.3,no
8,OAK,right,4-Seam Fastball,7,1,2,94.9,88.1,no
9,OAK,left,4-Seam Fastball,8,0,0,95.2,87.7,no
10,OAK,center,4-Seam Fastball,6,2,2,97.3,89.5,no
11,OAK,left,4-Seam Fastball,6,0,0,97.1,92.6,no
12,OAK,left,Changeup,3,3,2,86,84.8,no
13,OAK,left,Cutter,4,2,1,86.6,69.6,no
14,OAK,center,Cutter,4,1,1,85.4,99.2,yes
15,OAK,left,Changeup,3,3,1,85.9,69.4,no
16,OAK,center,Changeup,2,2,2,85.6,92,no
17,OAK,center,Curveball,4,3,2,80.3,103.3,no
18,OAK,left,4-Seam Fastball,4,2,2,95.4,97.7,no
19,OAK,center,4-Seam Fastball,3,1,1,93.6,95.5,no
20,OAK,right,4-Seam Fastball,6,2,2,93.9,62.4,no
21,OAK,left,4-Seam Fastball,5,3,1,93.8,85,no
22,OAK,center,4-Seam Fastball,7,2,2,93.9,106.7,yes
23,OAK,center,Cutter,2,1,2,87.9,82.2,no
24,OAK,left,Cutter,7,1,1,91.4,67.3,no
25,OAK,center,4-Seam Fastball,6,0,0,91.2,95.1,no
26,OAK,center,4-Seam Fastball,3,0,0,91.5,77.6,no
27,OAK,left,Curveball,1,1,2,83.1,97.7,no
28,OAK,left,Changeup,1,2,2,85.5,84.9,no
29,OAK,left,Changeup,2,1,2,85,89.5,no
30,OAK,center,4-Seam Fastball,4,1,0,88.2,86.5,no
31,OAK,right,Changeup,4,2,1,83.1,82.8,no
32,OAK,left,Changeup,4,2,2,85,97.1,no
33,OAK,left,Cutter,2,1,0,93.2,80.6,no
34,OAK,right,Cutter,1,1,0,91.4,86.8,no
35,OAK,center,Cutter,4,2,1,92.7,108.8,no
36,OAK,center,4-Seam Fastball,2,0,0,96.4,112.1,no
37,OAK,center,4-Seam Fastball,6,0,2,96.8,103.9,no
38,OAK,left,Cutter,5,2,1,92.2,109.6,no
39,OAK,center,Cutter,6,3,2,91.2,81.4,no
40,OAK,right,4-Seam Fastball,2,1,1,94.6,104.9,no
41,OAK,center,4-Seam Fastball,8,0,0,95.1,84,no
42,OAK,center,4-Seam Fastball,7,0,0,93.5,59.1,no
43,OAK,left,4-Seam Fastball,10,0,1,92.2,104.2,no
44,OAK,right,Changeup,1,1,1,80.9,92.4,no
45,OAK,right,Cutter,4,1,2,87.2,96.9,no
46,OAK,right,Cutter,6,1,0,87,95,no
47,OAK,left,Changeup,2,1,2,79.7,56.3,no
48,OAK,center,Changeup,4,2,2,79.1,84.3,no
49,OAK,center,Changeup,2,2,2,79.9,100.9,no
50,OAK,center,Changeup,7,1,0,77.3,107.2,no
51,OAK,center,Changeup,3,1,2,80,72.2,no
52,OAK,center,Changeup,5,0,0,77.8,101.9,no
53,OAK,center,Changeup,1,1,2,79.6,97.5,no
54,OAK,center,Cutter,3,3,2,86.6,90,no
55,OAK,center,4-Seam Fastball,8,3,2,93.5,90.8,no
56,OAK,left,4-Seam Fastball,8,2,1,92.2,80.9,no
57,OAK,left,4-Seam Fastball,5,1,1,95.7,91.2,no
58,OAK,center,4-Seam Fastball,3,2,0,87.8,94,no
59,OAK,center,4-Seam Fastball,5,3,2,88.6,84.1,no
60,OAK,right,Curveball,4,1,1,75.4,100.6,no
61,OAK,center,4-Seam Fastball,2,2,0,86.4,96.4,no
62,OAK,center,Changeup,2,1,1,85.9,65.5,no
63,OAK,center,4-Seam Fastball,4,2,1,88.1,105.4,no
64,OAK,left,Changeup,3,2,0,79.3,103.3,no
65,OAK,center,4-Seam Fastball,2,2,1,87.8,70.6,no
66,OAK,right,4-Seam Fastball,5,2,2,88,73.1,no
67,OAK,center,4-Seam Fastball,6,1,0,88.2,86.6,no
68,OAK,left,Curveball,6,1,2,75.2,87.9,no
69,OAK,left,Curveball,1,3,2,79.2,99.3,yes
70,OAK,right,Curveball,6,3,2,80.6,89,no
71,OAK,center,Curveball,7,3,2,80.6,90.9,no
72,OAK,left,Curveball,3,3,2,78.1,67.8,no
73,OAK,left,Changeup,4,0,0,88.4,114.6,no
74,OAK,center,Changeup,5,1,1,88.1,79.6,no
75,OAK,right,Curveball,7,2,2,80.4,79.2,no
76,OAK,center,Curveball,2,1,1,77.9,99.7,yes
77,OAK,center,4-Seam Fastball,3,0,0,92.5,109.1,yes
78,OAK,right,4-Seam Fastball,4,2,0,91.2,84.4,no
79,OAK,center,4-Seam Fastball,2,2,2,93.3,102,yes
80,OAK,right,4-Seam Fastball,2,3,2,92.1,96.7,no
81,OAK,center,4-Seam Fastball,5,3,2,90.8,93,no
82,OAK,right,4-Seam Fastball,5,0,0,89.8,82.8,no
83,OAK,left,4-Seam Fastball,7,0,0,98.2,63.3,no
84,OAK,left,4-Seam Fastball,7,0,0,95.4,80.7,no
85,OAK,left,Changeup,7,0,1,90.9,75,no
86,OAK,center,4-Seam Fastball,11,3,1,94.6,109.1,no
87,OAK,right,4-Seam Fastball,8,3,2,95.6,97.4,no
88,OAK,center,4-Seam Fastball,6,0,1,95.2,100.8,no
89,OAK,center,4-Seam Fastball,8,0,2,96.3,73.8,no
90,OAK,right,4-Seam Fastball,7,1,2,95.9,97.2,no
91,OAK,left,4-Seam Fastball,6,0,2,98.1,87.8,no
92,OAK,center,4-Seam Fastball,7,3,1,95.1,89.5,no
93,OAK,center,4-Seam Fastball,7,1,2,99.1,91,no
94,OAK,left,4-Seam Fastball,7,1,1,99,76.8,no
95,OAK,right,Changeup,7,2,0,93.1,96.2,no
96,OAK,left,4-Seam Fastball,3,1,2,95.6,93.1,no
97,OAK,left,Changeup,1,0,0,84.6,103.8,no
98,OAK,center,Changeup,2,3,2,84.3,97.8,no
99,OAK,left,4-Seam Fastball,4,0,0,93.6,98.9,no
100,OAK,right,4-Seam Fastball,1,1,2,96.8,111.9,no
101,OAK,left,4-Seam Fastball,3,1,1,96,97.1,no
102,OAK,left,Changeup,2,2,2,83.9,90.9,no
103,OAK,center,4-Seam Fastball,3,0,0,95.2,89.9,no
104,OAK,center,Changeup,4,0,2,85.2,89,no
105,OAK,right,Changeup,2,2,2,83.6,94.4,no
106,OAK,left,4-Seam Fastball,4,2,1,95,89.7,no
107,OAK,right,4-Seam Fastball,1,0,0,96.2,80.8,no
108,OAK,right,4-Seam Fastball,2,0,0,95.3,90.1,no
109,OAK,right,4-Seam Fastball,1,2,1,96.1,86.8,no
110,OAK,right,4-Seam Fastball,3,2,0,95.8,93.4,no
111,OAK,right,4-Seam Fastball,4,2,0,94.8,83.5,no
112,OAK,left,4-Seam Fastball,6,1,1,95.2,91.7,no
113,OAK,center,4-Seam Fastball,1,2,1,95.5,68,no
114,OAK,center,4-Seam Fastball,6,1,0,94.2,108.2,no
115,OAK,center,4-Seam Fastball,4,0,1,93.2,99.5,no
116,OAK,left,4-Seam Fastball,6,0,0,89.4,80.5,no
117,OAK,right,Changeup,4,1,0,84.4,36.5,no
118,OAK,right,4-Seam Fastball,6,3,2,89.8,100.2,no
119,OAK,center,4-Seam Fastball,1,3,1,92.9,107.9,no
120,OAK,left,4-Seam Fastball,3,1,0,92.7,89.3,no
121,OAK,left,Changeup,4,1,0,83.1,92,no
122,OAK,left,4-Seam Fastball,2,3,2,93.5,81.5,no
123,OAK,right,4-Seam Fastball,4,2,0,92.8,99.8,no
124,OAK,center,Changeup,2,2,2,84.9,101.6,no
125,OAK,left,Changeup,4,3,2,84.6,82.9,no
126,OAK,left,Changeup,3,3,2,84.3,90.3,no
127,OAK,left,4-Seam Fastball,1,3,2,93.8,82.4,no
128,OAK,center,Changeup,7,0,1,87.6,99.4,no
129,OAK,center,4-Seam Fastball,7,2,2,98.5,100.3,no
130,OAK,right,4-Seam Fastball,8,0,0,94.6,90.9,no
131,OAK,right,4-Seam Fastball,8,0,1,94.3,95.1,no
132,OAK,right,4-Seam Fastball,8,0,1,94.5,94.6,no
133,OAK,left,4-Seam Fastball,2,1,0,92.1,92.6,no
134,OAK,left,Changeup,4,2,1,86.2,80,no
135,OAK,right,4-Seam Fastball,1,0,0,93.1,99.7,no
136,OAK,left,4-Seam Fastball,4,1,0,91.2,107.9,yes
137,OAK,center,4-Seam Fastball,3,3,2,92.6,104.1,no
138,OAK,center,4-Seam Fastball,4,2,0,92.6,74.4,no
139,OAK,right,4-Seam Fastball,2,0,1,92.1,93.5,no
140,OAK,center,4-Seam Fastball,4,2,2,91.8,104.5,yes
141,OAK,left,4-Seam Fastball,2,3,1,92.8,79.7,no
142,OAK,right,Curveball,4,2,2,86.1,95.3,no
143,OAK,center,Changeup,5,1,0,86.2,107,no
144,OAK,right,Changeup,5,0,1,85.7,102.6,no
145,OAK,right,4-Seam Fastball,2,1,1,93.3,81.1,no
146,OAK,center,4-Seam Fastball,4,0,1,91.5,86.1,no
147,OAK,left,4-Seam Fastball,1,2,1,91.9,65.2,no
148,OAK,left,4-Seam Fastball,7,3,2,93.1,102.7,no
149,OAK,right,Cutter,6,3,1,89.9,87.9,no
150,OAK,center,4-Seam Fastball,6,0,0,89.7,86.5,no
151,OAK,center,Cutter,6,0,1,90.3,81,no
152,OAK,left,4-Seam Fastball,8,1,0,95.4,94.1,no
153,OAK,left,4-Seam Fastball,9,0,1,96.6,88.8,no
154,OAK,center,4-Seam Fastball,8,3,2,94.8,101.9,no
155,OAK,right,4-Seam Fastball,8,1,0,93.5,96,no
156,OAK,center,4-Seam Fastball,10,1,2,95,89.1,no
157,OAK,left,4-Seam Fastball,9,2,0,93.9,68.6,no
158,OAK,center,4-Seam Fastball,8,1,0,94.4,104.9,no
159,OAK,center,4-Seam Fastball,8,3,2,94.5,92.3,no
160,OAK,center,Changeup,8,2,1,83.3,73.8,no
161,OAK,right,4-Seam Fastball,8,3,2,95.6,103.2,no
162,OAK,center,Changeup,4,0,1,86,88.4,no
163,OAK,center,4-Seam Fastball,1,2,2,93.3,105.1,yes
164,OAK,left,Changeup,4,1,1,87,74.6,no
165,OAK,center,4-Seam Fastball,3,0,1,88.7,95.6,no
166,OAK,right,Cutter,6,2,2,86,106.7,no
167,OAK,right,4-Seam Fastball,6,1,0,87.7,80.5,no
168,OAK,left,Changeup,1,1,0,81.6,65.5,no
169,OAK,center,Changeup,4,2,2,80.2,72.8,no
170,OAK,left,Changeup,4,0,1,80.5,65.6,no
171,OAK,center,Changeup,5,3,2,81.5,63.3,no
172,OAK,center,Changeup,5,0,1,80.5,80.5,no
173,OAK,right,4-Seam Fastball,1,1,2,89.1,90.7,no
174,OAK,center,Cutter,3,0,1,86.8,100.9,no
175,OAK,left,4-Seam Fastball,7,0,0,95.9,91.8,no
176,OAK,right,4-Seam Fastball,7,0,0,95.2,88.5,no
177,OAK,left,Changeup,7,1,2,89.2,75.5,no
178,BOS,center,Changeup,3,2,2,90.3,104.5,no
179,BOS,left,4-Seam Fastball,3,3,1,93.8,95.8,no
180,BOS,left,Curveball,3,0,1,80,78.8,no
181,NYY,left,4-Seam Fastball,8,3,1,91.8,109.4,yes
182,NYY,left,4-Seam Fastball,7,1,2,93.4,104.3,no
183,NYY,left,4-Seam Fastball,4,1,2,95.1,92.8,no
184,NYY,left,4-Seam Fastball,6,0,2,95,85.2,no
185,NYY,right,4-Seam Fastball,4,1,1,93.1,91.4,no
186,NYY,center,Cutter,7,2,1,86.6,52.1,no
187,NYY,center,Changeup,9,1,1,81.7,72.9,no
188,NYY,center,4-Seam Fastball,9,2,2,92,101.4,no
189,NYY,center,4-Seam Fastball,8,2,2,94.5,105.6,no
190,NYY,right,4-Seam Fastball,3,0,1,96.1,98.9,no
191,NYY,left,4-Seam Fastball,3,0,1,96,103.7,no
192,NYY,right,4-Seam Fastball,2,0,0,92,61.2,no
193,NYY,left,4-Seam Fastball,4,0,2,95.3,105.3,no
194,NYY,left,Curveball,3,1,1,84.8,103.5,no
195,NYY,left,4-Seam Fastball,8,1,1,96.3,99.5,no
196,NYY,left,4-Seam Fastball,1,0,2,95.4,101.8,no
197,NYY,right,4-Seam Fastball,5,0,1,97.1,103.6,no
198,NYY,center,4-Seam Fastball,7,0,1,97.7,106.4,no
199,NYY,left,4-Seam Fastball,3,0,0,95.7,111.7,no
200,NYY,center,4-Seam Fastball,1,2,2,94.7,109.3,yes
201,NYY,left,4-Seam Fastball,5,3,2,92.8,88.6,no
202,NYY,left,4-Seam Fastball,2,2,2,94.8,97,no
203,NYY,right,4-Seam Fastball,4,0,0,93.8,90.9,no
204,NYY,right,4-Seam Fastball,6,1,1,95.2,92.1,no
205,NYY,left,4-Seam Fastball,3,3,2,94.6,98.2,no
206,NYY,center,4-Seam Fastball,7,1,0,95,53.3,no
207,NYY,center,4-Seam Fastball,1,0,1,96.2,96.9,no
208,NYY,center,4-Seam Fastball,6,1,2,95.1,94.3,no
209,NYY,right,4-Seam Fastball,6,0,0,95,110.7,no
210,BOS,center,4-Seam Fastball,3,2,2,96.2,86.9,no
211,BOS,center,4-Seam Fastball,2,3,1,93.5,86.3,no
212,BOS,center,4-Seam Fastball,2,2,1,94.7,106.2,no
213,BOS,left,4-Seam Fastball,2,2,2,94.1,94.8,no
214,BOS,right,4-Seam Fastball,2,0,1,95.8,90.4,no
215,BOS,right,4-Seam Fastball,3,0,0,94.9,94.2,no
216,BOS,center,4-Seam Fastball,3,0,0,93,82.8,no
217,NYY,center,Changeup,1,0,2,85.7,19.1,no
218,NYY,left,4-Seam Fastball,3,3,2,95.9,52.3,no
219,NYY,right,4-Seam Fastball,2,1,0,94,82.9,no
220,OAK,left,Curveball,12,0,2,76.2,93.5,no
221,OAK,left,Curveball,7,0,1,78.8,104.5,no
222,OAK,left,4-Seam Fastball,7,0,1,88.5,60.4,no
223,OAK,left,4-Seam Fastball,5,3,1,87.6,96.2,no
224,OAK,left,Changeup,6,1,1,83.3,92.7,no
225,OAK,left,Changeup,7,3,1,83,69.1,no
226,OAK,center,Changeup,7,2,1,82.7,50.3,no
227,OAK,left,Changeup,6,0,1,84,98.5,no
228,OAK,center,Changeup,2,0,1,84.6,73.4,no
229,OAK,left,4-Seam Fastball,2,2,2,96.2,74.6,no
230,OAK,right,Changeup,6,0,1,86.6,80.2,no
231,NYY,right,4-Seam Fastball,7,3,2,100.2,106.1,yes
232,NYY,left,Cutter,1,0,1,81.2,94.2,no
233,NYY,left,Cutter,2,1,0,85.2,107.2,yes
234,NYY,right,Cutter,2,1,0,83.6,95.8,no
235,NYY,right,Cutter,2,2,2,82.9,98.5,no
236,NYY,left,Curveball,2,0,0,71.7,94.2,no
237,NYY,center,Cutter,1,1,2,83.6,104.1,no
238,NYY,right,4-Seam Fastball,2,2,2,93.3,104.1,no
239,BOS,center,4-Seam Fastball,3,2,2,93.3,94,no
240,BOS,left,4-Seam Fastball,2,0,1,90.7,79.9,no
241,BOS,left,4-Seam Fastball,1,0,0,90.7,91.9,no
242,BOS,right,4-Seam Fastball,3,3,0,91.5,86.2,no
243,BOS,right,Cutter,4,0,0,84.1,100.1,no
244,BOS,center,4-Seam Fastball,1,3,1,92.1,66.6,no
245,BOS,left,4-Seam Fastball,4,2,1,93.3,70.5,no
246,NYY,right,4-Seam Fastball,1,0,0,95.7,105.9,yes
247,NYY,left,4-Seam Fastball,4,1,1,92.7,99.3,no
248,NYY,right,4-Seam Fastball,2,0,0,93.6,104.7,no
249,NYY,center,Curveball,1,1,1,80.9,92.2,no
250,NYY,center,4-Seam Fastball,3,2,2,92.2,86.4,no
251,NYY,right,4-Seam Fastball,7,0,0,93.5,97,no
252,NYY,center,Changeup,3,1,1,90.4,67.3,no
253,NYY,center,4-Seam Fastball,5,1,2,98.8,106.4,no
254,NYY,left,4-Seam Fastball,1,1,2,98.8,57.1,no
255,NYY,right,Curveball,2,0,2,79.1,99.9,yes
256,NYY,right,4-Seam Fastball,1,2,2,100,100.6,no
257,NYY,left,4-Seam Fastball,3,2,2,98.3,89.2,no
258,BOS,right,4-Seam Fastball,7,1,0,90.2,77,no
259,BOS,center,4-Seam Fastball,7,0,1,90.1,79.3,no
260,BOS,left,4-Seam Fastball,7,2,1,90,74.7,no
261,NYY,center,4-Seam Fastball,6,1,0,92,89.2,no
262,NYY,right,Changeup,6,1,2,86.5,83.5,no
263,NYY,right,Changeup,6,1,1,87.3,96.4,no
264,BOS,right,Cutter,6,1,0,92.1,83.3,no
265,BOS,center,Changeup,7,3,2,84,84.9,no
266,BOS,left,Changeup,4,2,1,82,79.7,no
267,BOS,left,Changeup,5,1,0,83,77.9,no
268,BOS,center,Changeup,5,0,1,83.1,98.5,no
269,BOS,right,Changeup,4,2,2,83.9,84.7,no
270,BOS,center,Changeup,7,0,1,83.4,89.6,no
271,BOS,right,4-Seam Fastball,8,3,2,96.5,112.8,yes
272,NYY,center,Cutter,5,1,2,84.4,88,no
273,NYY,left,4-Seam Fastball,5,2,2,87.5,102,no
274,NYY,right,Cutter,5,0,0,84.3,68.7,no
275,NYY,right,Cutter,4,1,0,85.9,72.4,no
276,NYY,center,Changeup,5,2,2,88.2,100.9,no
277,NYY,center,4-Seam Fastball,5,2,2,95.4,90.1,no
278,BOS,left,4-Seam Fastball,1,1,1,92.1,93.1,no
279,BOS,left,4-Seam Fastball,3,1,2,95,94.3,no
280,BOS,left,Curveball,4,1,0,70.8,89.7,no
281,BOS,left,Curveball,4,1,2,74.6,86.7,no
282,BOS,center,Curveball,5,1,1,73.7,91.6,no
283,BOS,left,Changeup,3,3,1,83.5,78.4,no
284,BOS,right,4-Seam Fastball,5,2,1,89.3,64.6,no
285,NYY,left,4-Seam Fastball,6,2,1,92.5,99.9,no
286,NYY,left,4-Seam Fastball,6,2,2,93.2,88.6,no
287,NYY,center,4-Seam Fastball,6,3,2,91.6,50.7,no
288,BOS,center,4-Seam Fastball,8,0,0,92.6,91.5,no
289,NYY,left,4-Seam Fastball,1,1,2,96.5,82.9,no
290,NYY,right,Curveball,5,1,1,79.2,88.3,no
291,NYY,right,Curveball,3,0,0,80,84,no
292,NYY,center,Curveball,2,1,2,80.3,90.2,no
293,NYY,center,Curveball,5,0,1,80.1,99.1,no
294,NYY,left,Curveball,1,0,1,76.7,80.6,no
295,NYY,center,4-Seam Fastball,4,0,2,94.5,97.3,no
296,NYY,left,4-Seam Fastball,3,0,1,95.6,100.5,no
297,NYY,center,Cutter,1,1,1,88.9,102.5,no
298,NYY,left,Curveball,3,2,2,79.4,73.3,no
299,NYY,center,Cutter,5,0,1,87.3,102.3,no
300,OAK,right,Changeup,5,0,2,87.3,97.4,no
301,OAK,right,Changeup,5,1,2,87.8,79.4,no
302,OAK,center,Changeup,6,2,2,86.8,92.8,no
303,OAK,right,Curveball,6,2,2,82.8,64.7,no
304,OAK,center,Curveball,8,1,1,81.3,66.5,no
305,OAK,left,Changeup,5,0,1,88.5,101.3,no
306,OAK,center,4-Seam Fastball,2,2,2,96.5,102.3,no
307,OAK,right,4-Seam Fastball,8,1,0,93.4,89.5,no
308,OAK,center,4-Seam Fastball,1,3,1,95.5,101.5,no
309,OAK,right,4-Seam Fastball,2,0,0,94.6,64.3,no
310,OAK,left,4-Seam Fastball,1,3,2,96.8,93.5,no
311,OAK,left,4-Seam Fastball,7,0,0,93.8,81.7,no
312,OAK,right,4-Seam Fastball,3,0,2,95.7,76.2,no
313,OAK,left,4-Seam Fastball,3,1,2,95.6,88.6,no
314,OAK,right,4-Seam Fastball,1,1,0,94.8,90.5,no
315,OAK,center,4-Seam Fastball,4,0,2,95.3,92.6,no
316,OAK,center,Changeup,7,2,2,82.7,98.2,no
317,BOS,center,Changeup,3,2,2,85.3,73.2,no
318,BOS,left,Cutter,5,2,2,91.6,86.3,no
319,BOS,center,4-Seam Fastball,1,0,0,93.4,97.5,no
320,BOS,center,Curveball,5,1,1,77,92.8,no
321,BOS,right,4-Seam Fastball,2,2,1,95.7,94.4,no
322,BOS,left,4-Seam Fastball,2,0,1,92.3,89.3,no
323,BOS,right,4-Seam Fastball,2,3,1,94,97.7,no
324,BOS,right,Cutter,6,0,0,89.6,96.9,no
325,OAK,center,4-Seam Fastball,9,0,1,94.9,101.7,no
326,OAK,left,4-Seam Fastball,3,3,2,94.4,85.5,no
327,OAK,right,4-Seam Fastball,4,0,0,93.1,93,no
328,OAK,center,4-Seam Fastball,1,2,2,95.1,104.6,no
329,OAK,center,4-Seam Fastball,5,0,0,92.2,90.1,no
330,OAK,center,Changeup,3,0,2,87.1,86.9,no
331,OAK,right,Changeup,5,2,1,83.6,75.5,no
332,OAK,center,4-Seam Fastball,2,0,0,95.1,89.5,no
333,OAK,right,4-Seam Fastball,4,1,0,91.9,101.6,no
334,OAK,right,4-Seam Fastball,5,0,0,93.4,107.1,no
335,OAK,left,4-Seam Fastball,2,2,2,95.5,79.4,no
336,OAK,left,4-Seam Fastball,4,0,1,93,91.2,no
337,OAK,right,4-Seam Fastball,3,1,2,97.3,100.2,no
338,OAK,right,Curveball,5,0,2,77.8,103.6,no
339,OAK,center,Curveball,1,1,2,77.5,81.9,no
340,OAK,center,4-Seam Fastball,5,0,1,92.1,97.3,no
341,BOS,center,Cutter,9,0,1,91.7,94.6,no
342,OAK,center,Changeup,4,1,1,84.4,91.9,no
343,OAK,right,Changeup,2,3,2,86.4,84.8,no
344,OAK,right,Changeup,4,0,0,87.2,95,no
345,OAK,left,4-Seam Fastball,9,3,2,96.5,88.9,no
346,OAK,center,4-Seam Fastball,9,0,2,94.7,62.5,no
347,OAK,center,4-Seam Fastball,9,1,0,95.6,80.7,no
348,OAK,left,4-Seam Fastball,7,3,2,93.9,105.9,no
349,OAK,center,4-Seam Fastball,9,1,0,95.4,95.3,no
350,OAK,center,4-Seam Fastball,9,3,2,96.2,96.2,no
351,OAK,center,4-Seam Fastball,9,2,2,98.9,93.6,no
352,OAK,right,4-Seam Fastball,9,2,1,98.6,105.1,no
353,OAK,center,4-Seam Fastball,9,2,0,98.6,96.4,no
354,OAK,center,4-Seam Fastball,8,1,1,99.9,95.5,no
355,OAK,center,Curveball,1,0,1,76.7,78.9,no
356,OAK,center,4-Seam Fastball,1,1,0,89.2,105.1,yes
357,OAK,center,4-Seam Fastball,2,3,2,91,72.8,no
358,OAK,left,Changeup,4,2,2,83.7,78.7,no
359,OAK,left,Curveball,1,1,1,76.6,103.1,no
360,OAK,left,Changeup,4,0,0,82.1,99.4,no
361,OAK,center,Changeup,3,2,1,82.8,74.4,no
362,OAK,right,Changeup,5,2,2,82.4,101.9,no
363,OAK,left,4-Seam Fastball,5,1,2,92.5,99.5,no
364,OAK,right,4-Seam Fastball,3,3,2,90.5,82.2,no
365,OAK,center,Changeup,1,0,1,82.4,105.3,no
366,OAK,right,4-Seam Fastball,2,0,0,91.5,94,no
367,OAK,right,4-Seam Fastball,5,0,1,91.2,80,no
368,OAK,right,4-Seam Fastball,2,2,0,91.3,99.6,no
369,OAK,right,Changeup,5,0,1,82.2,100.7,no
370,OAK,center,Changeup,2,0,1,83.3,103.3,no
371,OAK,center,4-Seam Fastball,2,1,2,91.3,100.5,no
372,OAK,center,Curveball,2,0,0,79.4,72.4,no
373,OAK,right,Cutter,4,0,1,86.9,90.8,no
374,OAK,center,4-Seam Fastball,6,0,0,90.1,89.9,no
375,OAK,right,4-Seam Fastball,4,0,0,91.3,96.2,no
376,OAK,center,Changeup,6,3,2,86.7,97.3,no
377,OAK,center,4-Seam Fastball,6,0,1,91.3,94.5,no
378,OAK,center,Curveball,1,0,1,79.6,100.9,no
379,OAK,center,Changeup,3,0,2,86.6,99.1,no
380,OAK,center,4-Seam Fastball,6,2,2,92.1,73.6,no
381,OAK,right,Curveball,2,0,0,79.7,85.3,no
382,OAK,center,Changeup,6,0,0,85.8,98.5,no
383,OAK,center,Changeup,4,1,2,85.2,73.7,no
384,OAK,left,Changeup,7,3,2,86.9,93,no
385,OAK,left,4-Seam Fastball,5,2,2,92.4,80.8,no
386,OAK,center,4-Seam Fastball,6,2,2,92.4,83.4,no
387,OAK,center,4-Seam Fastball,6,1,1,90.3,97,no
388,OAK,right,4-Seam Fastball,8,3,1,94.6,93,no
389,OAK,center,4-Seam Fastball,7,0,1,95.4,96.6,no
390,OAK,center,Cutter,8,0,1,89.8,107.3,no
391,OAK,left,Cutter,7,1,0,90,97.1,no
392,BOS,left,Changeup,2,0,1,87.1,75.9,no
393,BOS,center,Changeup,4,3,2,85,93.9,no
394,BOS,left,4-Seam Fastball,2,0,0,94.3,80.8,no
395,BOS,right,Changeup,2,2,0,84.9,89.1,no
396,BOS,left,Changeup,3,3,1,85.7,91.9,no
397,BOS,left,Changeup,6,1,1,84.4,83.7,no
398,OAK,left,Changeup,7,0,1,91,99.2,no
399,OAK,center,Changeup,7,1,1,89.2,91.7,no
400,OAK,center,4-Seam Fastball,1,0,1,94.6,99,no
401,OAK,right,4-Seam Fastball,1,3,2,91.9,102,no
402,BOS,center,Changeup,7,1,1,82.5,103.2,no
403,OAK,center,Curveball,1,0,2,81.2,97.4,no
404,OAK,center,Cutter,4,1,2,90,56.8,no
405,OAK,left,4-Seam Fastball,3,2,2,91.1,103.2,yes
406,OAK,right,Changeup,1,0,1,88.4,91.3,no
407,OAK,left,Changeup,1,1,1,87.3,69.1,no
408,OAK,left,4-Seam Fastball,3,0,2,90.5,92.3,no
409,OAK,center,Changeup,5,2,0,85.7,105.5,no
410,OAK,right,4-Seam Fastball,1,1,2,92.7,80.3,no
411,OAK,left,Changeup,9,2,2,85.4,77.1,no
412,OAK,left,4-Seam Fastball,7,2,2,97.6,87.2,no
413,OAK,left,Cutter,4,3,2,83.5,64.3,no
414,OAK,left,Cutter,3,1,2,85.4,90.9,no
415,OAK,right,Changeup,5,2,1,80,93.4,no
416,OAK,right,Cutter,3,2,2,83.9,76.3,no
417,OAK,center,Cutter,2,1,1,85,105.7,no
418,OAK,center,Curveball,5,1,1,73.2,102.9,no
419,OAK,right,Cutter,5,1,2,85.2,84.7,no
420,OAK,center,Curveball,3,0,1,75,68.3,no
421,BOS,center,4-Seam Fastball,6,1,1,92.8,103.1,yes
422,BOS,center,4-Seam Fastball,7,1,1,92.7,96.9,no
423,OAK,center,Changeup,1,1,1,85.5,84.7,no
424,OAK,right,4-Seam Fastball,3,1,1,92,89.3,no
425,OAK,center,4-Seam Fastball,1,2,1,92.3,87.8,no
426,OAK,right,4-Seam Fastball,3,0,1,91.4,89.9,no
427,OAK,center,4-Seam Fastball,1,0,0,92.8,88.3,no
428,OAK,center,Curveball,3,1,1,75.8,90,no
429,OAK,left,4-Seam Fastball,3,1,0,91.2,85.2,no
430,NYY,right,Cutter,2,3,1,87.5,93.9,no
431,NYY,center,Changeup,2,0,0,80.4,102.2,yes
432,NYY,left,Changeup,2,0,2,82.9,84,no
433,NYY,left,Cutter,3,2,2,88.4,75.5,no
434,NYY,left,Cutter,2,1,2,87.8,57,no
435,NYY,left,Changeup,1,0,1,82.4,53.6,no
436,NYY,left,Changeup,3,2,1,81.8,92.5,no
437,NYY,center,Changeup,3,0,0,82.3,82.2,no
438,OAK,center,Curveball,10,0,0,77.8,105.6,yes
439,BOS,center,4-Seam Fastball,3,1,2,97.1,101.4,no
440,NYY,center,Curveball,1,1,2,80.3,72,no
441,NYY,right,4-Seam Fastball,3,2,1,96.3,79.9,no
442,NYY,right,4-Seam Fastball,5,2,2,95.7,82.1,no
443,NYY,left,4-Seam Fastball,5,2,2,96.5,94.3,no
444,NYY,right,4-Seam Fastball,1,0,1,96.2,87.7,no
445,NYY,left,4-Seam Fastball,3,1,0,96.8,105.2,no
446,NYY,center,4-Seam Fastball,4,2,1,97.4,102.9,yes
447,NYY,right,4-Seam Fastball,1,3,1,97,83.9,no
448,NYY,left,Changeup,4,3,2,90,93.3,no
449,BOS,right,Changeup,1,1,0,90.5,63.7,no
450,BOS,center,4-Seam Fastball,5,1,2,96.7,88.5,no
451,BOS,left,Changeup,2,2,0,89.4,100,no
452,BOS,center,4-Seam Fastball,1,1,0,97.9,104.6,no
453,BOS,left,4-Seam Fastball,4,2,1,96.9,79.6,no
454,BOS,left,4-Seam Fastball,2,0,0,96.6,103.7,no
455,BOS,left,4-Seam Fastball,4,2,2,98.1,109.6,no
456,BOS,left,4-Seam Fastball,3,0,0,96.8,99.3,no
457,BOS,right,4-Seam Fastball,8,1,2,95.9,84.9,no
458,BOS,center,Changeup,8,1,2,85.9,74.1,no
459,OAK,center,4-Seam Fastball,5,0,0,92.2,85.2,no
460,OAK,center,4-Seam Fastball,5,2,1,93.3,88.7,no
461,OAK,right,4-Seam Fastball,4,1,1,93.1,96.2,no
462,OAK,left,Changeup,2,3,2,82.6,91.4,no
463,OAK,right,Changeup,4,1,1,83.3,87.6,no
464,OAK,left,Cutter,4,0,0,87.5,94.8,no
465,OAK,left,4-Seam Fastball,1,3,2,94.3,85.6,no
466,OAK,center,Changeup,3,3,1,83.3,87.4,no
467,OAK,left,4-Seam Fastball,8,2,2,94.2,82.6,no
468,OAK,left,Changeup,8,0,1,86.4,90,no
469,OAK,left,Changeup,9,0,0,86.4,77.8,no
470,OAK,left,Cutter,8,0,0,90.5,104.8,no
471,OAK,left,Cutter,8,2,2,91.2,73.2,no
472,OAK,left,Cutter,8,1,0,90.4,96,no
473,BOS,right,4-Seam Fastball,9,3,2,96.4,95.3,no
474,BOS,left,4-Seam Fastball,9,2,1,94.3,105.7,no
475,NYY,center,4-Seam Fastball,2,1,2,91.5,98.3,no
476,NYY,left,4-Seam Fastball,1,0,0,92.2,80,no
477,NYY,left,4-Seam Fastball,2,3,2,92.1,72.4,no
478,NYY,center,4-Seam Fastball,4,3,2,91.2,94.3,no
479,NYY,center,4-Seam Fastball,3,2,2,90.8,100.3,no
480,NYY,center,Changeup,5,0,0,82.3,59.6,no
481,NYY,center,4-Seam Fastball,4,1,2,91.2,95.6,no
482,NYY,left,4-Seam Fastball,3,3,1,91.6,106.5,no
483,NYY,left,Curveball,2,0,0,83.6,99.3,no
484,NYY,center,4-Seam Fastball,2,1,0,92.2,100.1,no
485,NYY,left,Curveball,4,1,2,80.7,103.1,no
486,NYY,left,Changeup,3,2,2,84.3,69.5,no
487,NYY,left,4-Seam Fastball,4,0,0,90.5,80.9,no
488,NYY,right,4-Seam Fastball,3,2,0,90,97.4,no
489,NYY,center,4-Seam Fastball,3,1,1,92.1,98.3,yes
490,NYY,left,Curveball,3,2,2,85.9,100,no
491,BOS,center,Changeup,2,1,0,78.4,90,no
492,BOS,right,Cutter,5,2,0,82.1,84.4,no
493,BOS,left,Changeup,4,1,1,77.6,66.9,no
494,BOS,right,Changeup,4,0,1,77.7,83.5,no
495,BOS,right,Cutter,2,2,2,84.4,92.5,no
496,BOS,right,Cutter,4,3,2,81.2,92.8,no
497,BOS,left,Cutter,3,2,2,85.4,88.4,no
498,BOS,right,Cutter,6,0,0,83.9,56.4,no
499,OAK,right,4-Seam Fastball,7,1,1,93.4,86,no
500,OAK,left,4-Seam Fastball,6,3,2,95.5,94.4,no
501,OAK,center,4-Seam Fastball,6,1,1,95.2,77.2,no
502,OAK,center,4-Seam Fastball,6,1,1,96,101.4,no
503,OAK,left,Changeup,5,1,2,85.7,57.7,no
504,OAK,right,Changeup,4,1,0,85.6,94.1,no
505,OAK,center,Changeup,3,1,1,86.4,104.7,yes
506,OAK,center,4-Seam Fastball,8,1,0,92.9,104.4,yes
507,OAK,left,4-Seam Fastball,8,3,2,91.9,104.3,no
508,OAK,center,4-Seam Fastball,8,0,0,91.7,91.9,no
509,OAK,right,4-Seam Fastball,5,0,2,92.9,86.7,no
510,OAK,left,Changeup,4,1,2,83.5,90.3,no
511,OAK,left,4-Seam Fastball,7,2,1,96,98.5,no
512,OAK,center,4-Seam Fastball,9,1,1,94.1,82.3,no
513,OAK,left,4-Seam Fastball,7,3,1,96.8,103.7,no
514,OAK,left,Changeup,9,0,1,87.7,64.2,no
515,OAK,right,4-Seam Fastball,7,1,2,96.1,93.4,no
516,OAK,center,4-Seam Fastball,7,2,0,95.9,103.9,yes
517,OAK,left,Changeup,9,2,2,85.7,75.8,no
518,OAK,center,4-Seam Fastball,8,0,1,97.3,103.1,no
519,OAK,left,Changeup,8,1,1,88.6,75.2,no
520,BOS,center,4-Seam Fastball,9,2,2,94.6,70.9,no
521,BOS,center,Changeup,9,1,1,89.4,86.8,no
522,OAK,right,Cutter,8,0,0,92.6,86.3,no
523,OAK,center,Cutter,6,0,0,92.4,101.2,no
524,OAK,right,Cutter,7,0,2,94.7,94.1,no
525,OAK,center,Cutter,6,0,1,91.5,101,no
526,OAK,right,Cutter,6,0,1,90.5,101.2,no
527,OAK,right,Cutter,7,0,0,92.4,101.5,no
528,OAK,left,Cutter,6,1,2,90.6,91.4,no
529,OAK,center,Changeup,9,0,0,86.9,103.3,yes
530,OAK,center,4-Seam Fastball,8,0,1,93.2,70.8,no
531,OAK,right,4-Seam Fastball,8,0,1,92.2,93.2,no
532,OAK,right,4-Seam Fastball,1,1,0,89.9,78,no
533,OAK,center,4-Seam Fastball,6,3,1,91.5,89.4,no
534,OAK,right,Curveball,6,0,0,74.1,80.1,no
535,OAK,right,Changeup,6,0,0,84.6,80,no
536,OAK,center,Changeup,3,2,2,82.4,99.2,no
537,OAK,center,4-Seam Fastball,3,1,1,90.4,80.9,no
538,OAK,center,4-Seam Fastball,7,1,2,90.6,102.5,no
539,OAK,right,4-Seam Fastball,3,2,1,91.7,75.9,no
540,OAK,left,4-Seam Fastball,5,3,2,91.1,68.6,no
541,OAK,left,Changeup,6,1,0,84.3,103.7,no
542,OAK,right,4-Seam Fastball,2,1,0,90.3,92.2,no
543,OAK,left,4-Seam Fastball,7,1,0,91.5,90.7,no
544,OAK,right,4-Seam Fastball,7,0,1,91.5,94,no
545,OAK,center,4-Seam Fastball,1,1,2,92.8,76.3,no
546,OAK,center,Curveball,2,1,2,79.2,85.7,no
547,OAK,left,4-Seam Fastball,5,0,1,91.4,90.5,no
548,OAK,left,4-Seam Fastball,2,0,2,93.5,98.4,no
549,OAK,center,4-Seam Fastball,4,2,1,91.4,96.8,no
550,OAK,left,4-Seam Fastball,6,2,2,92.5,90.1,no
551,OAK,center,Changeup,3,2,2,83.7,91,no
552,OAK,left,4-Seam Fastball,5,1,0,90.9,88.6,no
553,OAK,right,Changeup,2,1,2,84.5,101.4,no
554,OAK,right,4-Seam Fastball,6,0,0,92.5,109,yes
555,OAK,right,Curveball,4,2,1,76.8,91.1,no
556,OAK,right,4-Seam Fastball,3,1,1,92.3,98.1,no
557,OAK,right,4-Seam Fastball,1,2,1,93.5,77.5,no
558,OAK,center,Changeup,3,2,2,82.6,90.3,no
559,OAK,center,4-Seam Fastball,5,1,1,90.7,97.7,no
560,NYY,left,Cutter,9,0,1,85.7,101.4,no
561,NYY,center,Curveball,6,0,2,77.9,67.2,no
562,BOS,center,Curveball,7,1,2,86.2,64.5,no
563,NYY,left,Curveball,7,0,2,82.9,91.1,no
564,NYY,center,4-Seam Fastball,7,3,2,94.2,66.6,no
565,NYY,right,4-Seam Fastball,7,1,2,94.9,85.6,no
566,BOS,left,4-Seam Fastball,2,1,1,92.5,102.2,no
567,BOS,center,Changeup,8,1,2,84.7,92.6,no
568,NYY,left,4-Seam Fastball,2,2,2,95.4,88.6,no
569,NYY,center,4-Seam Fastball,4,0,2,95.7,103.8,no
570,NYY,center,4-Seam Fastball,4,1,2,94.8,93.4,no
571,NYY,left,Curveball,3,0,0,78.2,98.1,no
572,NYY,center,4-Seam Fastball,3,2,2,96.1,94.9,no
573,NYY,right,4-Seam Fastball,4,3,1,93,98.4,no
574,NYY,center,4-Seam Fastball,2,1,2,93.1,103.1,yes
575,NYY,left,4-Seam Fastball,1,1,2,95.5,84.3,no
576,NYY,right,4-Seam Fastball,2,1,0,91.9,95.4,no
577,BOS,center,4-Seam Fastball,1,3,2,92.3,99.9,no
578,BOS,right,4-Seam Fastball,1,1,2,92.8,96.2,no
579,BOS,left,4-Seam Fastball,2,1,0,91.8,83.6,no
580,BOS,left,Curveball,1,1,1,77.6,75,no
581,BOS,center,Curveball,1,0,2,77.1,63.3,no
582,BOS,center,4-Seam Fastball,2,1,2,91.8,102.8,yes
583,BOS,left,4-Seam Fastball,1,0,1,92.7,105.6,yes
584,OAK,center,Cutter,13,0,0,92.1,100,no
585,OAK,center,Curveball,8,2,2,80,86.6,no
586,OAK,left,Cutter,13,0,2,93.5,95.9,no
587,OAK,left,Curveball,8,2,2,79.7,83.4,no
588,OAK,center,Curveball,8,0,1,79.3,88.4,no
589,BOS,center,4-Seam Fastball,9,0,1,94.8,100.9,no
590,BOS,center,Changeup,9,1,0,83.2,31.6,no
591,NYY,center,Changeup,6,1,0,84,104.6,yes
592,NYY,right,Changeup,6,3,2,83.8,86.6,no
593,BOS,left,Changeup,8,0,1,82.4,66,no
594,BOS,center,4-Seam Fastball,9,0,1,93.3,98.9,no
595,NYY,left,Curveball,5,0,1,78.5,72.5,no
596,NYY,right,Changeup,4,1,2,86.2,93.3,no
597,NYY,center,Changeup,5,1,0,85.2,84,no
598,NYY,center,Changeup,5,1,1,88.7,75.5,no
599,OAK,center,4-Seam Fastball,7,2,1,89.5,102.7,yes
600,NYY,center,4-Seam Fastball,1,0,2,97.8,97.6,no
601,NYY,left,Cutter,5,1,0,88.3,67.1,no
602,NYY,center,Cutter,6,0,0,94,99.9,yes
603,NYY,right,4-Seam Fastball,1,1,0,97.8,100.2,yes
604,NYY,right,Curveball,4,0,2,81.7,92,no
605,NYY,right,Cutter,5,1,1,92.4,75.5,no
606,NYY,right,Curveball,3,2,2,81.7,88.4,no
607,NYY,center,Cutter,5,0,0,93.4,98.7,no
608,NYY,left,Cutter,2,0,1,93.9,91,no
609,NYY,center,4-Seam Fastball,1,0,1,98.4,94.7,no
610,NYY,left,Curveball,3,0,2,80.6,89.1,no
611,NYY,center,Cutter,4,1,1,92.1,80.7,no
612,NYY,left,Cutter,1,0,1,94.6,65.3,no
613,NYY,left,Cutter,6,3,1,91.8,97.3,no
614,NYY,left,4-Seam Fastball,1,1,2,91.5,89.1,no
615,NYY,center,4-Seam Fastball,6,1,1,90.8,95.9,no
616,NYY,right,4-Seam Fastball,6,1,0,90.2,103.2,no
617,NYY,left,4-Seam Fastball,5,3,2,92.1,87.5,no
618,NYY,left,4-Seam Fastball,2,1,2,93.4,81.7,no
619,BOS,right,4-Seam Fastball,1,0,0,93.4,95.2,no
620,BOS,center,4-Seam Fastball,3,0,2,92.5,96.5,no
621,NYY,left,Changeup,1,2,2,89.8,91.2,no
622,BOS,center,Changeup,12,2,2,86.7,84.7,no
623,BOS,center,Changeup,11,2,1,88.9,84.5,no
624,BOS,right,4-Seam Fastball,11,2,2,96.7,96.9,no
625,BOS,left,4-Seam Fastball,6,3,1,98,83.3,no
626,NYY,left,Changeup,3,1,1,81.3,76.3,no
627,NYY,left,Cutter,5,0,0,84.9,93.7,no
628,NYY,right,Changeup,7,1,2,80.2,71.5,no
629,NYY,left,Changeup,2,2,0,81.7,75.9,no
630,NYY,center,Changeup,3,1,0,81.3,58.5,no
631,NYY,left,Cutter,4,0,1,85.1,71.6,no
632,NYY,left,Changeup,6,0,0,79.7,88.3,no
633,NYY,left,Curveball,4,2,2,72.8,85.1,no
634,NYY,center,Changeup,5,2,2,80.9,66,no
635,NYY,center,Changeup,4,3,2,81.2,94.9,no
636,NYY,left,Cutter,6,0,0,84.3,108.7,yes
637,NYY,center,Cutter,3,2,1,85,68.2,no
638,NYY,left,Cutter,7,2,0,82.8,87,no
639,BOS,left,Cutter,1,1,1,85.5,54,no
640,BOS,center,Changeup,3,3,2,81.8,83.7,no
641,BOS,right,Cutter,1,3,1,84.9,91.6,no
642,BOS,center,Cutter,2,1,2,83,96.3,no
643,BOS,center,Cutter,5,1,1,82.2,71.9,no
644,BOS,left,Cutter,1,0,1,85.4,95.7,no
645,NYY,right,Changeup,4,1,1,80.5,82.3,no
646,BOS,left,4-Seam Fastball,8,2,1,96.8,97.9,no
647,OAK,center,4-Seam Fastball,8,1,1,91.6,97.1,no
648,OAK,left,4-Seam Fastball,8,0,2,94.8,79.5,no
649,NYY,center,Curveball,3,0,0,75.4,99.5,yes
650,NYY,right,Curveball,2,2,2,76.9,72.4,no
651,NYY,center,Curveball,3,3,2,76.6,53.9,no
652,NYY,center,Changeup,4,0,1,80.7,99,yes
653,NYY,left,Changeup,12,0,1,78.4,99.5,no
654,NYY,left,Changeup,6,0,1,81.1,96.9,no
655,NYY,left,Changeup,1,3,2,81.1,93.5,no
656,NYY,left,Curveball,3,0,1,75.5,61.9,no
657,NYY,center,Curveball,1,0,1,76.9,102.5,no
658,NYY,left,Curveball,3,2,0,75.8,108.7,no
659,NYY,left,Curveball,2,1,2,77.6,71.3,no
660,OAK,center,4-Seam Fastball,8,2,1,88.1,68.2,no
661,OAK,left,4-Seam Fastball,8,1,2,91.9,95.3,no
662,OAK,center,4-Seam Fastball,7,0,0,92.4,69.7,no
663,OAK,left,4-Seam Fastball,7,0,2,94.5,91.5,no
664,NYY,center,Curveball,3,2,2,75,86.9,no
665,NYY,center,Cutter,4,0,0,85.8,107.3,yes
666,NYY,center,Curveball,2,1,2,75.7,44.7,no
667,NYY,center,4-Seam Fastball,4,0,0,88.9,90.3,no
668,NYY,left,Cutter,2,2,2,85.4,99.4,no
669,NYY,center,Curveball,2,2,2,74.5,82.3,no
670,NYY,center,4-Seam Fastball,4,0,0,90.4,102.5,yes
671,NYY,center,Cutter,4,3,2,85.6,104,yes
672,NYY,left,Changeup,3,1,1,79.5,108.9,no
673,NYY,center,4-Seam Fastball,4,0,0,90.2,109.8,yes
674,BOS,right,Changeup,2,3,2,83.1,90.2,no
675,BOS,left,4-Seam Fastball,4,0,1,91.3,98.8,no
676,BOS,left,Changeup,3,1,0,81.2,56.6,no
677,BOS,center,4-Seam Fastball,2,2,2,91.9,102.8,yes
678,BOS,center,Cutter,1,2,1,87.8,93,no
679,BOS,center,4-Seam Fastball,2,0,0,92.1,105,yes
680,BOS,left,4-Seam Fastball,2,1,1,91.6,96.3,no
681,BOS,left,Cutter,2,0,0,86.2,81,no
682,BOS,left,Cutter,4,1,0,84.3,82.5,no
683,BOS,left,Cutter,4,1,0,84,62,no
684,BOS,right,Cutter,4,0,0,88.3,91.4,no
685,BOS,center,Curveball,1,1,0,76.2,87.7,no
686,BOS,left,Changeup,3,1,1,80.7,84.1,no
687,BOS,left,Curveball,3,2,2,76.5,98,no
688,BOS,center,4-Seam Fastball,3,0,1,91.1,91.4,no
689,BOS,center,4-Seam Fastball,4,3,2,92.9,80.5,no
690,BOS,center,4-Seam Fastball,3,0,0,92.6,67.2,no
691,BOS,center,Cutter,2,2,2,90,103.4,no
692,NYY,right,Cutter,7,0,0,90.7,67.9,no
693,NYY,center,Changeup,7,1,1,84.9,101.9,no
694,BOS,center,4-Seam Fastball,3,2,1,97.6,105.9,no
695,BOS,center,Curveball,5,2,1,81.6,88.6,no
696,BOS,center,4-Seam Fastball,2,0,0,97.9,104.1,no
697,BOS,center,Changeup,3,1,1,89.6,80.4,no
698,BOS,left,Changeup,2,1,1,90,70.9,no
699,BOS,left,4-Seam Fastball,4,0,1,97,84,no
700,BOS,center,4-Seam Fastball,3,1,0,97.3,84.8,no
701,BOS,left,4-Seam Fastball,1,1,2,96.6,97.8,no
702,BOS,right,4-Seam Fastball,3,3,0,95.1,114.5,no
703,BOS,left,Curveball,5,1,1,81.4,48.4,no
704,BOS,left,Changeup,5,0,1,89.5,53,no
705,BOS,left,Curveball,2,1,0,80.8,93.5,no
706,BOS,right,Curveball,5,1,0,74.1,90.2,no
707,BOS,center,Changeup,1,2,2,82.8,101.3,no
708,BOS,center,4-Seam Fastball,3,2,1,90.2,99.3,no
709,BOS,center,4-Seam Fastball,1,2,2,88.8,93.6,no
710,BOS,center,Changeup,4,2,2,81.7,66.8,no
711,BOS,center,4-Seam Fastball,1,0,0,88.2,75.7,no
712,BOS,right,4-Seam Fastball,3,0,1,89.9,91.4,no
713,BOS,center,Changeup,4,0,1,83.5,76.4,no
714,BOS,center,Curveball,1,0,0,72.9,99,no
715,BOS,center,Curveball,2,0,0,75.9,67.9,no
716,BOS,right,Changeup,5,2,2,84.4,100.7,no
717,BOS,center,Cutter,8,0,0,87.2,90.1,no
718,BOS,left,Changeup,2,0,0,77.5,79.6,no
719,BOS,left,Changeup,3,3,1,79.2,104.6,no
720,BOS,left,4-Seam Fastball,3,0,0,85,87.5,no
721,BOS,right,4-Seam Fastball,3,0,0,85.3,96,no
722,BOS,center,Cutter,8,1,1,91.3,104.8,no
723,NYY,right,4-Seam Fastball,8,1,1,99.1,85.1,no
724,NYY,right,4-Seam Fastball,8,0,0,99.5,95.8,no
725,NYY,center,4-Seam Fastball,9,0,1,99.4,97.4,no
726,BOS,center,4-Seam Fastball,7,1,1,98.2,72.1,no
727,BOS,right,4-Seam Fastball,8,1,0,99.7,79.8,no
728,BOS,right,4-Seam Fastball,9,2,2,99.5,61.7,no
729,BOS,left,4-Seam Fastball,9,0,0,99.3,103.2,no
730,BOS,left,4-Seam Fastball,6,2,2,92.3,95.1,no
731,NYY,center,4-Seam Fastball,8,2,0,91.8,77.7,no
732,NYY,right,4-Seam Fastball,8,0,0,92.1,93.1,no
733,NYY,left,4-Seam Fastball,9,0,0,91.5,85.1,no
734,BOS,left,Changeup,7,1,2,87.8,89.6,no
735,BOS,center,Changeup,6,2,2,86.7,87.1,no
736,BOS,left,4-Seam Fastball,8,2,2,91.4,81.6,no
737,NYY,left,4-Seam Fastball,1,2,1,100.3,91.2,no
738,NYY,right,4-Seam Fastball,6,1,0,98,107.2,no
739,NYY,right,4-Seam Fastball,3,3,2,101.2,101.8,yes
740,NYY,center,4-Seam Fastball,6,2,2,100.4,85.5,no
741,NYY,right,4-Seam Fastball,2,2,2,100.6,70.6,no
742,NYY,center,4-Seam Fastball,2,0,0,98.1,102,no
743,NYY,center,4-Seam Fastball,3,2,1,99.1,82.1,no
744,NYY,center,4-Seam Fastball,1,1,0,100.3,93.6,no
745,NYY,center,4-Seam Fastball,3,1,0,100.4,87.2,no
746,NYY,right,4-Seam Fastball,6,2,0,97.5,93.7,no
747,NYY,right,4-Seam Fastball,5,0,1,99.3,89.1,no
748,NYY,center,4-Seam Fastball,1,0,0,100.7,104.1,no
749,NYY,center,4-Seam Fastball,4,1,0,99.7,109.1,no
750,NYY,left,4-Seam Fastball,6,2,1,100.4,99.4,no
751,NYY,center,4-Seam Fastball,6,3,2,99.2,93.3,no
752,NYY,left,Changeup,6,1,1,92.5,94.4,no
753,NYY,center,4-Seam Fastball,4,0,0,99.8,88.1,no
754,BOS,left,4-Seam Fastball,1,1,1,99.3,82.8,no
755,BOS,right,4-Seam Fastball,2,0,1,99.7,76.8,no
756,BOS,center,4-Seam Fastball,1,0,0,98.3,86.3,no
757,BOS,left,4-Seam Fastball,3,0,0,98.4,92.3,no
758,BOS,left,4-Seam Fastball,1,2,1,99.6,75.1,no
759,BOS,right,Curveball,3,0,2,84.8,101.5,no
760,BOS,left,4-Seam Fastball,1,1,1,100.6,82.6,no
761,BOS,right,4-Seam Fastball,3,3,1,99.5,97.5,no
762,BOS,right,4-Seam Fastball,2,2,0,97,77.7,no
763,BOS,left,4-Seam Fastball,4,3,2,98.9,100,no
764,NYY,right,4-Seam Fastball,3,0,1,100.5,93.2,no
765,NYY,center,Curveball,5,2,2,84.6,71.2,no
766,BOS,center,4-Seam Fastball,6,2,2,90.4,99.1,no
767,BOS,left,Changeup,1,1,1,87,91.9,no
768,BOS,left,4-Seam Fastball,4,0,0,89.3,99.5,no
769,BOS,center,Changeup,1,0,2,87.3,75.6,no
770,BOS,center,Changeup,4,1,0,86.1,101.3,no
771,BOS,right,4-Seam Fastball,7,0,0,91.4,96.6,no
772,BOS,left,Changeup,8,2,2,85.7,97.1,no
773,BOS,left,4-Seam Fastball,3,2,0,89.8,105.9,no
774,BOS,center,4-Seam Fastball,2,1,1,91.4,51.4,no
775,BOS,center,4-Seam Fastball,4,0,0,92.3,87.6,no
776,BOS,center,4-Seam Fastball,7,0,2,90.7,93.7,no
777,BOS,center,4-Seam Fastball,2,0,1,90,101.6,no
778,BOS,center,4-Seam Fastball,3,3,1,88.9,91.8,no
779,BOS,right,4-Seam Fastball,6,0,2,92.8,88.9,no
780,BOS,right,4-Seam Fastball,8,3,2,91,91,no
781,BOS,center,Changeup,4,0,0,84.8,95.9,no
782,BOS,right,Changeup,4,2,2,86.2,81.7,no
783,BOS,center,4-Seam Fastball,7,3,2,89.6,58.5,no
784,BOS,right,Curveball,7,1,1,85.2,100,no
785,BOS,left,4-Seam Fastball,7,0,0,95.9,87.2,no
786,BOS,left,4-Seam Fastball,7,1,2,96.4,74.2,no
787,BOS,center,Curveball,6,0,2,82.9,87.9,no
788,BOS,left,4-Seam Fastball,9,2,0,95.7,103.8,no
789,NYY,left,4-Seam Fastball,3,3,2,90.4,80,no
790,NYY,center,Curveball,3,1,2,70.2,76.9,no
791,BOS,center,4-Seam Fastball,5,2,2,89.4,100.8,no
792,BOS,right,4-Seam Fastball,8,1,2,90.8,101.1,no
793,BOS,center,Cutter,6,2,1,90.2,97.5,no
794,BOS,right,4-Seam Fastball,8,1,2,93.9,90.7,no
795,BOS,center,4-Seam Fastball,8,1,2,95.1,101.3,yes
796,NYY,left,Changeup,3,1,1,87.1,94.3,yes
797,BOS,center,Changeup,2,2,2,86.2,96.9,no
798,BOS,right,4-Seam Fastball,8,1,0,91.5,110.1,no
799,NYY,left,Changeup,8,1,1,83.1,51.3,no
800,NYY,right,Changeup,6,0,1,84.8,86.9,no
801,NYY,center,Changeup,5,2,2,85.7,48.2,no
802,NYY,right,Changeup,7,1,1,84.7,80.4,no
803,NYY,left,Curveball,5,0,0,79.9,85.9,no
804,NYY,center,Changeup,7,0,0,84.6,100.4,no
805,NYY,right,Changeup,5,1,1,84.3,69.7,no
806,NYY,left,4-Seam Fastball,5,3,1,92.4,99,no
807,NYY,center,4-Seam Fastball,6,0,1,91.2,103.4,no
808,NYY,center,4-Seam Fastball,5,2,2,96.4,92.6,no
809,NYY,left,4-Seam Fastball,8,0,2,96.5,104.2,no
810,NYY,right,4-Seam Fastball,8,1,2,96.9,78.2,no
811,NYY,center,4-Seam Fastball,5,1,2,97.3,109.7,yes
812,NYY,center,4-Seam Fastball,7,1,0,97.5,97.5,no
813,NYY,right,4-Seam Fastball,8,1,1,97.5,91.2,no
814,NYY,left,4-Seam Fastball,5,1,1,95.9,96.2,no
815,NYY,center,4-Seam Fastball,7,1,2,96.7,84.4,no
816,NYY,left,4-Seam Fastball,8,3,2,98,83,no
817,BOS,left,4-Seam Fastball,6,3,2,91.4,90.8,no
818,BOS,left,4-Seam Fastball,5,0,1,92.3,57.2,no
819,BOS,center,4-Seam Fastball,5,0,1,91.9,93.7,no
820,BOS,right,4-Seam Fastball,5,1,2,93,82.6,no
821,BOS,center,4-Seam Fastball,8,1,0,87.4,94.2,no
822,BOS,center,Changeup,8,2,0,79.8,79.5,no
823,BOS,left,Changeup,9,1,1,79.9,102.1,no
824,BOS,center,Curveball,8,2,2,78.1,74.8,no
825,BOS,left,4-Seam Fastball,8,3,2,88.1,100,no
826,BOS,center,Cutter,7,1,1,86.8,98.8,no
827,NYY,left,Changeup,1,2,1,83.3,81,no
828,NYY,center,Cutter,2,2,2,89.8,98.5,no
829,NYY,left,Changeup,2,3,2,85.6,79.2,no
830,NYY,right,Cutter,5,2,2,91.1,83.5,no
831,NYY,center,4-Seam Fastball,6,1,1,93,93.9,no
832,NYY,center,Changeup,2,2,2,83.3,107.5,yes
833,NYY,right,Changeup,3,2,1,83,72.7,no
834,NYY,center,Curveball,2,0,0,75.5,98.3,no
835,NYY,center,4-Seam Fastball,2,0,1,89.3,90,no
836,NYY,center,Cutter,2,0,0,90.5,92.9,no
837,NYY,left,Changeup,3,1,1,84.9,104.3,no
838,NYY,left,4-Seam Fastball,1,3,2,93.1,99.4,no
839,NYY,center,Cutter,6,1,1,89.5,68.9,no
840,NYY,right,Cutter,3,3,2,89,100,no
841,NYY,left,Curveball,2,1,2,79.3,93.3,no
842,NYY,left,Cutter,4,1,2,90.5,93.4,no
843,BOS,center,4-Seam Fastball,8,1,0,94.9,77.2,no
844,BOS,center,4-Seam Fastball,9,0,0,94.7,92.8,no
845,BOS,left,Changeup,8,2,2,85.1,92,no
846,BOS,left,Changeup,8,2,1,85,71,no
847,BOS,right,4-Seam Fastball,9,2,2,97.2,99.2,no
848,NYY,center,Curveball,8,1,2,84.7,86.2,no
849,NYY,right,Curveball,8,1,2,83.9,87.3,no
850,BOS,right,Curveball,8,0,1,83.4,80.4,no
851,BOS,left,4-Seam Fastball,8,0,0,95.3,96.8,no
852,NYY,center,4-Seam Fastball,4,2,1,96.7,96.1,no
853,NYY,right,4-Seam Fastball,5,0,0,95.6,97.2,yes
854,NYY,left,4-Seam Fastball,8,1,1,98.4,99.1,no
855,NYY,center,4-Seam Fastball,8,2,0,98.4,109.2,yes
856,OAK,left,4-Seam Fastball,9,2,2,94.8,88.7,no
857,BOS,right,4-Seam Fastball,7,3,1,92.1,97.6,no
858,BOS,center,4-Seam Fastball,8,0,1,90.9,82.2,no
859,BOS,left,4-Seam Fastball,6,3,1,94,96.4,no
860,BOS,right,4-Seam Fastball,8,0,0,91.8,87.2,no
861,BOS,center,4-Seam Fastball,7,2,2,91.1,90.3,no
862,BOS,left,4-Seam Fastball,6,2,1,93.3,78.5,no
863,BOS,left,Changeup,9,2,2,86.1,84.3,no
864,BOS,center,Changeup,8,0,1,85.2,65.7,no
865,BOS,center,Changeup,7,0,1,86.2,85.7,no
