ID,Age,College,HS,Experience,Outdoors,Performance,GoodEnuf
1,25,No,Yes,7,High,Unacceptable,0
2,30,No,Yes,12,Low,,1
3,57,No,Yes,3,Low,Unacceptable,0
4,42,Yes,Yes,9,Medium,Good,1
5,53,No,No,10,Low,Unacceptable,0
5,53,No,No,10,Low,Unacceptable,0
5,53,No,No,10,Low,Unacceptable,0
5,53,No,Yes,5,Low,Good,1
6,21,No,Yes,3,Low,Unacceptable,0
7,52,No,Yes,8,Low,Acceptable,1
8,29,Yes,Yes,8,Low,Best,1
9,20,No,No,2,High,Unacceptable,0
10,35,No,Yes,4,Medium,Good,1
11,37,Yes,Yes,2,Medium,Pretty Good,1
12,24,Yes,Yes,9,Medium,Good,1
13,46,No,Yes,5,Low,Acceptable,1
14,23,No,Yes,5,Medium,Acceptable,1
15,,,,,,Acceptable,1
16,26,No,Yes,8,Medium,Acceptable,1
17,20,No,Yes,2,Low,Acceptable,1
18,35,No,No,2,Low,Good,1
19,51,No,Yes,9,Medium,Good,1
20,22,Yes,Yes,4,Low,Unacceptable,0
21,50,Yes,Yes,9,High,Good,1
22,23,No,Yes,5,Medium,Acceptable,1
23,23,No,Yes,5,High,Unacceptable,0
24,25,Yes,Yes,7,Low,Unacceptable,0
25,54,Yes,Yes,9,Medium,Unacceptable,0
26,46,No,Yes,5,Medium,Good,1
27,41,Yes,Yes,4,Medium,,1
28,27,Yes,Yes,9,Low,Acceptable,1
29,52,Yes,Yes,11,Low,Acceptable,1
30,28,No,Yes,10,High,Unacceptable,0
31,45,Yes,Yes,8,High,Acceptable,1
32,28,No,Yes,10,High,Best,1
33,58,Yes,No,7,Low,Unacceptable,0
34,22,Yes,No,4,Low,Acceptable,1
35,55,Yes,Yes,2,Low,Unacceptable,0
36,19,Yes,Yes,1,High,Acceptable,1
37,43,Yes,Yes,6,High,Good,1
38,59,No,Yes,10,Medium,Unacceptable,0
39,21,Yes,Yes,3,Low,Acceptable,1
40,30,No,Yes,7,Low,,1
41,34,No,Yes,4,Medium,Best,1
42,39,Yes,Yes,8,Medium,Good,1
43,19,Yes,Yes,1,Low,Unacceptable,0
44,19,Yes,No,1,Medium,Acceptable,1
45,20,No,Yes,2,Low,Acceptable,1
46,21,No,Yes,3,High,,1
47,34,Yes,Yes,9,Low,Unacceptable,0
48,28,Yes,Yes,2,High,Good,1
49,24,No,Yes,6,Low,Acceptable,1
50,19,Yes,Yes,1,Medium,Acceptable,1
51,57,Yes,Yes,13,Medium,Unacceptable,0
52,22,No,Yes,4,Low,Acceptable,1
53,21,No,No,3,High,Acceptable,1
54,23,No,Yes,5,High,Acceptable,1
55,18,Yes,Yes,1,High,Good,1
56,30,Yes,Yes,7,Low,Good,1
57,32,No,No,12,Low,Unacceptable,0
58,22,No,Yes,4,Low,Acceptable,1
59,50,Yes,Yes,10,High,Acceptable,1
60,35,No,Yes,12,High,Unacceptable,0
61,24,No,Yes,6,Low,Unacceptable,0
62,47,No,Yes,10,Medium,Good,1
63,56,No,Yes,6,Low,Unacceptable,0
64,28,No,Yes,5,Low,Acceptable,1
65,19,No,Yes,1,Low,Acceptable,1
66,25,Yes,Yes,7,Low,Acceptable,1
67,40,Yes,Yes,5,Low,Good,1
68,22,No,Yes,4,High,Acceptable,1
69,20,Yes,Yes,2,Low,Unacceptable,0
70,49,No,Yes,6,Low,Acceptable,1
71,30,No,Yes,11,Low,Good,1
72,25,No,Yes,7,Low,Acceptable,1
73,49,No,Yes,10,Medium,Acceptable,1
74,23,No,Yes,5,High,Unacceptable,0
75,55,No,Yes,6,Medium,Unacceptable,0
76,18,No,Yes,0,Medium,Acceptable,1
77,54,No,No,9,Medium,Unacceptable,0
78,26,No,Yes,8,Low,Acceptable,1
79,24,No,Yes,6,Low,Acceptable,1
80,30,Yes,Yes,8,Low,Good,1
81,28,No,Yes,2,Low,Unacceptable,0
82,22,Yes,Yes,4,Medium,Acceptable,1
83,29,No,Yes,10,Medium,Unacceptable,0
84,25,No,No,7,Medium,Acceptable,1
85,21,No,Yes,3,High,Acceptable,1
86,18,No,Yes,0,Low,Unacceptable,0
87,46,Yes,Yes,12,Low,Acceptable,1
88,27,Yes,Yes,2,Low,Unacceptable,0
89,48,No,Yes,6,Medium,Acceptable,1
90,47,No,Yes,13,Low,Acceptable,1
91,29,No,Yes,6,Low,Unacceptable,0
92,31,No,Yes,10,High,Good,1
93,51,No,Yes,1,Medium,Good,1
94,33,Yes,Yes,3,Medium,Good,1
95,22,No,Yes,4,Low,Acceptable,1
96,54,No,Yes,14,Low,Acceptable,1
97,25,No,Yes,7,Low,Acceptable,1
98,26,No,Yes,8,Low,Unacceptable,0
99,49,Yes,Yes,8,Medium,Good,1
100,48,Yes,Yes,7,Low,Acceptable,1
101,19,Yes,Yes,1,Low,Acceptable,1
102,50,Yes,Yes,12,Low,Acceptable,1
103,25,No,No,4,High,Unacceptable,0
104,25,No,Yes,7,Low,Acceptable,1
105,21,No,Yes,3,Low,Unacceptable,0
106,26,Yes,No,5,Low,Unacceptable,0
107,20,No,Yes,2,High,Acceptable,1
108,19,No,Yes,1,Medium,Acceptable,1
109,49,No,No,7,High,Acceptable,1
110,53,Yes,Yes,7,High,Unacceptable,0
111,48,Yes,Yes,16,Low,Acceptable,1
112,43,No,Yes,10,Low,Acceptable,1
113,28,No,Yes,4,Low,Unacceptable,0
114,38,No,Yes,6,High,Best,1
115,21,No,Yes,3,Low,Unacceptable,0
116,18,No,Yes,0,Medium,Unacceptable,0
117,26,No,Yes,7,Low,Unacceptable,0
118,24,No,Yes,6,High,Unacceptable,0
119,56,No,Yes,11,Low,Unacceptable,0
120,23,No,Yes,5,Low,Acceptable,1
121,22,Yes,Yes,4,Low,Acceptable,1
122,56,No,Yes,8,Medium,Unacceptable,0
123,56,Yes,Yes,2,Low,Unacceptable,0
124,30,Yes,Yes,5,Low,Unacceptable,0
125,37,Yes,Yes,4,Low,Good,1
126,48,Yes,Yes,11,High,Acceptable,1
127,24,No,Yes,6,High,Unacceptable,0
128,25,No,Yes,7,Low,Unacceptable,0
129,26,No,Yes,5,Low,Unacceptable,0
130,49,Yes,No,8,Low,Acceptable,1
131,25,No,Yes,4,Low,Unacceptable,0
132,24,No,Yes,6,Medium,Best,1
133,34,No,Yes,9,Low,Unacceptable,0
134,19,No,Yes,1,Low,Unacceptable,0
135,33,Yes,Yes,6,High,Unacceptable,0
136,21,Yes,Yes,3,Medium,Unacceptable,0
137,48,No,Yes,10,Low,Acceptable,1
138,19,Yes,Yes,1,Medium,Acceptable,1
139,20,Yes,No,5,High,Good,1
140,20,No,Yes,2,Low,Unacceptable,0
141,20,No,Yes,2,Medium,Acceptable,1
142,18,No,Yes,0,High,Acceptable,1
143,23,No,Yes,5,Low,Acceptable,1
144,42,No,Yes,8,Medium,Good,1
145,32,Yes,Yes,6,Low,Unacceptable,0
146,30,Yes,Yes,5,Medium,Good,1
147,23,No,Yes,5,Low,Acceptable,1
148,59,No,Yes,14,Low,Unacceptable,0
149,27,No,Yes,9,Medium,Unacceptable,0
150,52,No,Yes,1,Low,Acceptable,1
151,23,Yes,Yes,5,Medium,Unacceptable,0
152,23,No,Yes,4,Low,Unacceptable,0
153,27,Yes,Yes,11,Medium,Good,1
154,53,No,Yes,15,Low,Acceptable,1
155,54,Yes,Yes,8,High,Unacceptable,0
156,29,No,Yes,11,Low,Unacceptable,0
157,34,No,Yes,7,Low,Unacceptable,0
158,25,Yes,Yes,7,High,Acceptable,1
159,24,No,Yes,6,Medium,Unacceptable,0
160,24,No,Yes,6,Low,Acceptable,1
161,53,No,Yes,9,Low,Unacceptable,0
162,58,No,Yes,6,Low,Unacceptable,0
163,50,No,Yes,10,Low,Acceptable,1
164,50,Yes,Yes,9,Medium,Acceptable,1
165,22,No,Yes,2,Low,Unacceptable,0
166,30,Yes,Yes,1,Low,Good,1
167,27,Yes,Yes,9,Medium,Good,1
168,46,Yes,Yes,3,Medium,Good,1
169,56,No,Yes,12,Low,Unacceptable,0
170,40,Yes,Yes,10,Low,Good,1
171,25,Yes,Yes,7,Low,Unacceptable,0
172,33,Yes,Yes,10,Low,Good,1
173,20,Yes,Yes,2,Low,Acceptable,1
174,21,No,Yes,3,Low,Acceptable,1
175,25,No,No,7,Low,Unacceptable,0
176,57,Yes,Yes,4,Medium,Unacceptable,0
177,19,No,Yes,1,Low,Unacceptable,0
178,50,Yes,Yes,11,High,Good,1
179,25,No,Yes,6,Medium,Acceptable,1
180,46,Yes,Yes,11,High,Good,1
181,33,No,Yes,1,Medium,Good,1
182,33,Yes,Yes,4,Medium,Good,1
183,28,No,Yes,6,Low,Unacceptable,0
184,26,No,Yes,8,Low,Unacceptable,0
185,20,No,No,2,Low,Acceptable,1
186,32,No,Yes,10,High,Good,1
187,33,Yes,No,8,Low,Unacceptable,0
188,29,Yes,Yes,3,High,Good,1
189,25,No,Yes,7,Low,Unacceptable,0
190,49,No,Yes,10,High,Acceptable,1
191,21,No,Yes,3,High,Acceptable,1
192,26,Yes,Yes,3,Low,Unacceptable,0
193,59,Yes,Yes,5,Low,Unacceptable,0
194,57,No,Yes,9,Low,Unacceptable,0
195,57,No,Yes,7,Low,Unacceptable,0
196,24,No,Yes,6,Low,Acceptable,1
197,56,Yes,Yes,9,Low,Unacceptable,0
198,23,Yes,Yes,3,Low,Unacceptable,0
199,38,No,Yes,3,Medium,Best,1
200,25,No,No,7,Low,Acceptable,1
201,27,No,No,5,High,Unacceptable,0
202,49,No,Yes,15,Low,Acceptable,1
203,38,Yes,Yes,11,Medium,Good,1
204,19,No,Yes,1,Medium,Acceptable,1
205,21,Yes,Yes,3,Medium,Acceptable,1
206,18,Yes,Yes,0,Low,Acceptable,1
207,23,Yes,No,5,Low,Acceptable,1
208,21,No,Yes,3,High,Acceptable,1
209,48,No,Yes,5,Medium,Acceptable,1
210,19,No,Yes,1,Low,Unacceptable,0
211,58,Yes,Yes,11,Low,Unacceptable,0
212,24,No,Yes,6,Low,Acceptable,1
213,20,No,Yes,2,Low,Acceptable,1
214,18,No,Yes,7,Low,Good,1
215,56,Yes,Yes,6,Medium,Unacceptable,0
216,24,No,Yes,6,High,Acceptable,1
217,28,No,Yes,10,Medium,Good,1
218,24,No,Yes,6,High,Acceptable,1
219,38,No,Yes,4,Medium,Good,1
220,34,Yes,Yes,5,High,Good,1
221,40,Yes,Yes,16,Medium,Best,1
222,32,No,Yes,12,High,Unacceptable,0
223,24,Yes,Yes,6,Medium,Unacceptable,0
224,28,Yes,Yes,8,Medium,Good,1
225,32,Yes,Yes,6,Medium,Good,1
226,19,Yes,Yes,1,Low,Unacceptable,0
227,24,No,Yes,6,Medium,Acceptable,1
228,29,Yes,Yes,9,Low,Unacceptable,0
229,47,Yes,Yes,12,Low,Acceptable,1
230,53,No,Yes,2,Low,Unacceptable,0
231,37,Yes,No,5,Medium,Good,1
232,55,Yes,Yes,6,Low,Unacceptable,0
233,36,No,Yes,11,Medium,Unacceptable,0
234,56,Yes,Yes,6,Low,Unacceptable,0
235,20,Yes,Yes,2,High,Acceptable,1
236,50,No,Yes,14,Low,Acceptable,1
237,37,Yes,Yes,3,Low,Good,1
238,44,Yes,Yes,8,High,Good,1
239,25,No,Yes,1,Low,Unacceptable,0
240,36,No,Yes,12,High,Best,1
241,25,Yes,Yes,7,Low,Unacceptable,0
242,23,Yes,Yes,5,Low,Unacceptable,0
243,56,No,No,2,Low,Unacceptable,0
244,55,No,Yes,6,High,Unacceptable,0
245,52,Yes,Yes,4,High,Acceptable,1
246,33,No,Yes,4,Low,Good,1
247,32,Yes,Yes,10,Medium,Good,1
248,49,No,Yes,10,Low,Acceptable,1
249,22,Yes,Yes,4,Low,Unacceptable,0
250,24,Yes,Yes,5,Low,Unacceptable,0
251,24,Yes,Yes,6,Low,Acceptable,1
252,51,No,Yes,5,Low,Acceptable,1
253,36,Yes,Yes,11,Low,Good,1
254,48,Yes,Yes,13,Low,Acceptable,1
255,35,Yes,Yes,8,High,Good,1
256,53,Yes,Yes,11,Medium,Acceptable,1
257,23,No,Yes,5,Medium,Acceptable,1
258,23,No,No,5,Medium,Unacceptable,0
259,29,No,Yes,6,Low,Unacceptable,0
260,30,No,Yes,8,High,Best,1
261,24,Yes,Yes,6,Low,Unacceptable,0
262,21,No,Yes,3,Medium,Acceptable,1
263,46,No,Yes,3,High,Acceptable,1
264,34,Yes,Yes,9,Medium,Good,1
265,19,No,Yes,1,Low,Acceptable,1
266,33,Yes,Yes,4,High,Good,1
267,22,No,Yes,4,Medium,Acceptable,1
268,24,Yes,Yes,6,Low,Acceptable,1
269,23,Yes,Yes,5,Low,Acceptable,1
270,58,No,Yes,6,Low,Unacceptable,0
271,22,No,Yes,4,Low,Unacceptable,0
272,55,No,Yes,7,Low,Unacceptable,0
273,34,Yes,No,8,Low,Unacceptable,0
274,23,No,Yes,5,High,Best,1
275,31,No,Yes,3,Low,Unacceptable,0
276,27,Yes,Yes,9,Low,Unacceptable,0
277,31,No,Yes,9,Low,Unacceptable,0
278,18,No,Yes,0,Low,Unacceptable,0
279,50,No,Yes,7,Medium,Acceptable,1
280,34,No,Yes,3,Low,Unacceptable,0
281,28,Yes,Yes,10,Low,Unacceptable,0
282,20,No,Yes,1,Medium,Good,1
283,37,Yes,Yes,11,Medium,Good,1
284,21,Yes,Yes,3,Low,Unacceptable,0
285,43,Yes,Yes,5,Medium,Acceptable,1
286,22,Yes,No,4,Low,Acceptable,1
287,50,No,Yes,15,Low,Acceptable,1
288,45,No,Yes,10,Low,Acceptable,1
289,26,Yes,Yes,8,High,Best,1
290,19,No,Yes,1,High,Unacceptable,0
291,33,No,Yes,3,Medium,Good,1
292,31,Yes,Yes,7,Low,Unacceptable,0
293,40,No,Yes,6,Medium,Good,1
294,54,No,Yes,4,Low,Unacceptable,0
295,58,No,Yes,4,Low,Unacceptable,0
296,31,No,Yes,4,Low,Unacceptable,0
297,48,No,Yes,12,Medium,Acceptable,1
298,53,No,Yes,9,Low,Unacceptable,0
299,50,Yes,No,14,Medium,Acceptable,1
300,51,No,Yes,13,Low,Acceptable,1
301,22,No,No,4,Low,Acceptable,1
302,29,Yes,Yes,2,High,Good,1
303,26,No,Yes,5,Low,Unacceptable,0
304,23,Yes,No,10,Medium,Good,1
305,19,No,Yes,1,Low,Acceptable,1
306,50,No,Yes,7,Medium,Acceptable,1
307,46,No,Yes,14,Low,Acceptable,1
308,23,Yes,Yes,7,Medium,Good,1
309,24,No,Yes,6,Low,Unacceptable,0
310,18,No,Yes,0,Low,Acceptable,1
311,35,Yes,Yes,10,Medium,Good,1
312,19,No,No,1,Low,Acceptable,1
313,19,No,Yes,1,Low,Acceptable,1
314,50,No,Yes,11,Low,Acceptable,1
315,27,No,Yes,8,Low,Unacceptable,0
316,27,No,Yes,9,Medium,Acceptable,1
317,19,Yes,No,1,High,Unacceptable,0
318,53,No,Yes,7,Low,Unacceptable,0
319,27,Yes,Yes,9,Low,Unacceptable,0
320,22,No,Yes,4,Low,Unacceptable,0
321,32,Yes,Yes,8,Low,Unacceptable,0
322,56,Yes,No,11,Low,Unacceptable,0
323,44,No,Yes,7,High,Good,1
324,30,No,Yes,12,High,Best,1
325,34,Yes,Yes,8,High,Unacceptable,0
326,28,Yes,Yes,9,Medium,Good,1
327,19,No,Yes,1,Medium,Acceptable,1
328,21,Yes,No,3,Low,Unacceptable,0
329,23,No,Yes,5,Medium,Acceptable,1
330,24,Yes,Yes,6,Low,Acceptable,1
331,32,No,Yes,8,Low,Unacceptable,0
332,49,Yes,Yes,11,Low,Good,1
333,25,No,No,7,Medium,Acceptable,1
334,49,Yes,Yes,16,Low,Acceptable,1
335,22,No,Yes,4,Low,Acceptable,1
336,47,No,Yes,15,Medium,Acceptable,1
337,27,Yes,Yes,9,Low,Unacceptable,0
338,30,Yes,Yes,10,High,Unacceptable,0
339,55,Yes,Yes,8,Low,Unacceptable,0
340,27,No,Yes,9,Low,Acceptable,1
341,57,No,Yes,2,High,Unacceptable,0
342,22,No,Yes,7,Low,Good,1
343,49,Yes,Yes,11,Low,Acceptable,1
344,25,No,Yes,7,Low,Best,1
345,22,No,Yes,4,High,Unacceptable,0
346,27,Yes,No,9,Low,Acceptable,1
347,43,No,Yes,9,Low,Good,1
348,38,No,Yes,5,Low,Good,1
349,27,Yes,Yes,6,Low,Unacceptable,0
350,37,Yes,Yes,4,Medium,Good,1
351,46,No,Yes,10,Medium,Acceptable,1
352,24,No,Yes,6,High,Best,1
353,27,No,Yes,5,Low,Acceptable,1
354,19,No,Yes,1,Low,Acceptable,1
355,56,Yes,Yes,14,Low,Unacceptable,0
356,27,Yes,Yes,9,Low,Acceptable,1
357,19,No,Yes,1,Low,Unacceptable,0
358,25,Yes,Yes,5,High,Unacceptable,0
359,26,No,Yes,8,High,Unacceptable,0
360,18,No,Yes,0,Low,Acceptable,1
361,21,No,No,3,Low,Unacceptable,0
362,25,No,Yes,7,High,Unacceptable,0
363,29,Yes,Yes,5,Low,Unacceptable,0
364,26,No,Yes,8,Low,Acceptable,1
365,44,Yes,Yes,10,Low,Good,1
366,21,No,Yes,3,Medium,Acceptable,1
367,54,Yes,Yes,4,Low,Unacceptable,0
368,36,Yes,Yes,6,Low,Good,1
369,41,Yes,Yes,9,Medium,Good,1
370,33,No,Yes,10,Low,Unacceptable,0
371,19,Yes,Yes,1,Low,Unacceptable,0
372,47,Yes,Yes,10,Low,Acceptable,1
373,55,Yes,Yes,9,Low,Unacceptable,0
374,58,Yes,Yes,1,High,Unacceptable,0
375,29,Yes,Yes,9,Low,Unacceptable,0
376,30,No,Yes,9,Low,Unacceptable,0
377,55,No,Yes,4,Low,Unacceptable,0
378,27,Yes,Yes,6,High,Unacceptable,0
379,22,No,No,4,Medium,Unacceptable,0
380,53,Yes,Yes,9,Low,Unacceptable,0
381,30,No,Yes,4,Low,Unacceptable,0
382,27,Yes,No,7,Low,Unacceptable,0
383,21,Yes,Yes,3,Low,Acceptable,1
384,20,No,Yes,2,Low,Acceptable,1
385,35,Yes,Yes,13,Low,Unacceptable,0
386,32,No,No,10,Medium,Good,1
387,56,No,Yes,13,Low,Unacceptable,0
388,42,Yes,Yes,4,Medium,Good,1
389,20,Yes,Yes,2,Low,Acceptable,1
390,57,No,Yes,10,Medium,Unacceptable,0
391,49,Yes,Yes,12,Low,Acceptable,1
392,46,Yes,Yes,1,Medium,Acceptable,1
393,48,Yes,No,19,Low,Acceptable,1
394,37,No,Yes,3,Medium,Good,1
395,27,Yes,Yes,8,Medium,Good,1
396,57,Yes,Yes,7,Low,Unacceptable,0
397,26,Yes,No,8,Low,Unacceptable,0
398,50,Yes,Yes,6,High,Acceptable,1
399,57,No,Yes,13,Low,Unacceptable,0
400,48,No,Yes,14,Medium,Acceptable,1
401,24,No,Yes,6,Low,Acceptable,1
402,24,No,Yes,1,Medium,Good,1
403,47,Yes,Yes,9,High,Acceptable,1
404,20,No,Yes,2,Low,Unacceptable,0
405,20,No,Yes,2,Low,Acceptable,1
406,28,No,Yes,9,Low,Unacceptable,0
407,53,Yes,No,3,High,Unacceptable,0
408,27,Yes,No,2,Low,Unacceptable,0
409,25,Yes,Yes,3,Low,Unacceptable,0
410,29,Yes,Yes,7,High,Unacceptable,0
411,52,No,Yes,8,Medium,Acceptable,1
412,54,Yes,Yes,5,Low,Unacceptable,0
413,21,Yes,Yes,3,Low,Acceptable,1
414,22,No,Yes,4,Medium,Acceptable,1
415,30,Yes,Yes,8,High,Good,1
416,18,Yes,Yes,0,Low,Unacceptable,0
417,52,No,Yes,7,Medium,Acceptable,1
418,21,Yes,Yes,3,Low,Acceptable,1
419,23,No,Yes,5,Medium,Acceptable,1
420,52,No,Yes,3,Low,Acceptable,1
421,54,Yes,Yes,12,Low,Unacceptable,0
422,45,No,Yes,10,High,Acceptable,1
423,22,Yes,No,4,Low,Unacceptable,0
424,39,Yes,Yes,21,Medium,Best,1
425,53,No,Yes,11,Medium,Acceptable,1
426,22,Yes,Yes,4,Low,Acceptable,1
427,18,Yes,Yes,4,Medium,Good,1
428,30,No,Yes,4,Medium,Unacceptable,0
429,27,No,Yes,2,Medium,Unacceptable,0
430,46,Yes,No,2,Medium,Acceptable,1
431,48,Yes,Yes,11,Medium,Acceptable,1
432,50,No,Yes,16,Medium,Acceptable,1
433,43,Yes,Yes,2,Low,Good,1
434,31,Yes,Yes,4,Low,Unacceptable,0
435,35,Yes,Yes,7,High,Unacceptable,0
436,18,Yes,Yes,0,High,Acceptable,1
437,20,No,No,2,Medium,Acceptable,1
438,23,Yes,Yes,5,Medium,Best,1
439,49,No,Yes,10,Low,Acceptable,1
440,19,Yes,Yes,1,Medium,Unacceptable,0
441,23,No,Yes,5,Low,Unacceptable,0
442,55,Yes,Yes,7,High,Unacceptable,0
443,56,Yes,Yes,5,Low,Unacceptable,0
444,22,Yes,Yes,4,Low,Acceptable,1
445,22,Yes,Yes,7,Low,Good,1
446,24,No,Yes,6,Low,Unacceptable,0
447,22,Yes,Yes,4,Low,Unacceptable,0
448,57,Yes,No,1,Low,Unacceptable,0
449,54,Yes,Yes,8,Medium,Unacceptable,0
450,56,Yes,Yes,9,Low,Unacceptable,0
451,22,Yes,Yes,8,High,Good,1
452,53,No,Yes,11,Low,Acceptable,1
453,21,Yes,Yes,3,Low,Unacceptable,0
454,22,No,Yes,4,Low,Acceptable,1
455,20,Yes,Yes,2,Medium,Acceptable,1
456,31,No,Yes,10,Low,Unacceptable,0
457,54,No,Yes,13,Medium,Unacceptable,0
458,44,Yes,Yes,11,Low,Acceptable,1
459,50,No,No,17,High,Acceptable,1
460,38,Yes,Yes,8,High,Good,1
461,43,No,Yes,6,Medium,Acceptable,1
462,34,Yes,Yes,10,Low,Unacceptable,0
463,34,No,Yes,15,High,Best,1
464,31,No,Yes,11,Low,Unacceptable,0
465,19,Yes,No,1,Medium,Unacceptable,0
466,54,Yes,Yes,6,Low,Unacceptable,0
467,30,Yes,No,10,High,Unacceptable,0
468,30,Yes,Yes,5,Low,Unacceptable,0
469,52,No,Yes,9,High,Acceptable,1
470,22,No,Yes,4,Medium,Unacceptable,0
471,20,No,Yes,2,High,Acceptable,1
472,55,Yes,Yes,11,Low,Unacceptable,0
473,24,No,Yes,2,Low,Unacceptable,0
474,26,Yes,Yes,7,High,Unacceptable,0
475,40,No,Yes,5,Medium,Good,1
476,30,Yes,Yes,9,High,Unacceptable,0
477,54,No,Yes,7,Low,Unacceptable,0
478,24,No,Yes,6,Medium,Acceptable,1
479,47,No,Yes,11,Low,Acceptable,1
480,24,No,Yes,6,Low,Acceptable,1
481,47,Yes,Yes,7,High,Acceptable,1
482,56,No,Yes,5,Low,Unacceptable,0
483,26,Yes,Yes,8,High,Best,1
484,20,Yes,Yes,2,High,Acceptable,1
485,58,Yes,Yes,6,Low,Unacceptable,0
486,31,Yes,No,5,Low,Unacceptable,0
487,21,Yes,Yes,0,High,Unacceptable,0
488,47,No,No,10,Low,Acceptable,1
489,28,Yes,Yes,7,Medium,Good,1
490,29,No,Yes,11,High,Unacceptable,0
491,33,No,Yes,15,Medium,Best,1
492,26,No,No,8,High,Acceptable,1
493,28,No,Yes,2,Low,Acceptable,1
494,57,No,Yes,6,Low,Unacceptable,0
495,23,No,No,5,Low,Unacceptable,0
496,20,No,Yes,2,Medium,Acceptable,1
497,51,No,Yes,11,Low,Acceptable,1
498,21,Yes,Yes,3,Low,Unacceptable,0
499,19,No,Yes,1,Low,Unacceptable,0
500,48,Yes,Yes,13,Low,Acceptable,1
501,41,Yes,Yes,5,Low,Good,1
502,30,No,No,5,Low,Unacceptable,0
503,47,No,Yes,15,High,Acceptable,1
504,30,No,Yes,10,Low,Unacceptable,0
505,39,Yes,Yes,5,Medium,Good,1
506,19,Yes,No,1,Medium,Acceptable,1
507,25,No,No,7,Low,Acceptable,1
508,27,No,Yes,9,Medium,Acceptable,1
509,26,Yes,Yes,8,Medium,Unacceptable,0
510,29,Yes,Yes,11,Medium,Good,1
511,28,No,Yes,3,High,Unacceptable,0
512,49,No,Yes,10,Low,Acceptable,1
513,47,No,Yes,9,Medium,Acceptable,1
514,22,No,Yes,4,Low,Acceptable,1
515,26,Yes,Yes,0,Low,Unacceptable,0
516,20,No,Yes,2,Low,Unacceptable,0
517,23,No,Yes,5,High,Acceptable,1
518,46,Yes,Yes,2,High,Good,1
519,52,No,Yes,16,Low,Acceptable,1
520,22,Yes,Yes,4,Low,Unacceptable,0
521,40,Yes,Yes,10,Low,Good,1
522,56,Yes,No,7,Low,Unacceptable,0
523,21,No,Yes,3,Low,Acceptable,1
524,21,No,Yes,9,Medium,Good,1
525,57,Yes,Yes,8,Low,Unacceptable,0
526,46,No,No,9,Medium,Acceptable,1
527,23,Yes,Yes,3,Low,Unacceptable,0
528,54,No,Yes,2,Low,Unacceptable,0
529,25,No,No,5,Medium,Unacceptable,0
530,31,No,Yes,9,High,Good,1
531,57,No,No,9,Low,Unacceptable,0
532,56,No,No,4,Low,Unacceptable,0
533,57,No,Yes,10,Low,Unacceptable,0
534,33,Yes,Yes,6,Low,Unacceptable,0
535,51,Yes,Yes,8,Medium,Acceptable,1
536,22,Yes,Yes,4,Low,Unacceptable,0
537,47,No,Yes,4,Low,Acceptable,1
538,55,No,Yes,9,Low,Unacceptable,0
539,21,No,Yes,3,Medium,Acceptable,1
540,56,No,Yes,8,Medium,Unacceptable,0
541,51,No,Yes,12,Low,Acceptable,1
542,56,No,Yes,5,Low,Unacceptable,0
543,21,Yes,Yes,3,Low,Acceptable,1
544,22,No,No,4,Low,Acceptable,1
545,31,Yes,No,5,Medium,Good,1
546,37,No,Yes,4,High,Good,1
547,43,No,Yes,10,High,Acceptable,1
548,20,No,Yes,2,Low,Unacceptable,0
549,47,No,Yes,16,Medium,Acceptable,1
550,29,Yes,No,10,Medium,Unacceptable,0
551,27,No,Yes,1,High,Good,1
552,58,No,Yes,1,Low,Unacceptable,0
553,20,Yes,Yes,2,Medium,Unacceptable,0
554,31,No,Yes,5,Medium,Good,1
555,27,No,Yes,4,High,Acceptable,1
556,25,No,Yes,7,High,Acceptable,1
557,24,No,Yes,6,High,Acceptable,1
558,55,Yes,Yes,11,Low,Unacceptable,0
559,23,No,Yes,5,Low,Acceptable,1
560,47,Yes,No,7,Low,Acceptable,1
561,24,Yes,Yes,2,Low,Unacceptable,0
562,21,No,Yes,3,Low,Acceptable,1
563,21,Yes,Yes,3,Low,Acceptable,1
564,45,Yes,Yes,8,Medium,Acceptable,1
565,32,Yes,No,7,Low,Unacceptable,0
566,48,No,Yes,6,Low,Acceptable,1
567,27,No,Yes,9,Medium,Acceptable,1
568,23,No,Yes,5,Medium,Unacceptable,0
569,26,Yes,No,8,Low,Unacceptable,0
570,47,Yes,Yes,15,Medium,Acceptable,1
571,47,No,Yes,9,Low,Acceptable,1
572,24,No,Yes,7,Low,Good,1
573,56,No,Yes,7,Medium,Unacceptable,0
574,47,No,Yes,12,Low,Acceptable,1
575,33,Yes,Yes,6,Low,Unacceptable,0
576,20,No,Yes,2,Low,Best,1
577,47,No,Yes,6,Medium,Acceptable,1
578,21,Yes,Yes,3,Low,Acceptable,1
579,49,No,Yes,18,High,Acceptable,1
580,30,No,Yes,11,High,Best,1
581,25,Yes,Yes,9,Medium,Good,1
582,30,Yes,Yes,6,Low,Good,1
583,43,Yes,Yes,7,Low,Acceptable,1
584,23,No,Yes,5,Low,Unacceptable,0
585,22,No,Yes,4,Medium,Acceptable,1
586,55,Yes,Yes,13,Low,Unacceptable,0
587,19,Yes,Yes,1,Low,Acceptable,1
588,29,Yes,Yes,11,Low,Unacceptable,0
589,27,Yes,Yes,5,Low,Unacceptable,0
590,25,No,Yes,7,Low,Acceptable,1
591,22,No,No,4,High,Acceptable,1
592,46,Yes,Yes,12,Low,Acceptable,1
593,28,No,Yes,9,Low,Unacceptable,0
594,51,No,No,13,High,Acceptable,1
595,19,No,No,1,High,Acceptable,1
596,22,Yes,Yes,4,Low,Unacceptable,0
597,34,Yes,Yes,1,Medium,Good,1
598,59,Yes,Yes,6,Low,Unacceptable,0
599,29,Yes,Yes,8,Low,Unacceptable,0
600,35,Yes,Yes,7,Medium,Good,1
601,50,No,Yes,13,Low,Acceptable,1
602,58,Yes,Yes,5,Low,Unacceptable,0
603,50,No,Yes,13,Medium,Acceptable,1
604,18,No,Yes,0,Low,Acceptable,1
605,33,No,Yes,2,High,Good,1
606,32,No,Yes,14,High,Best,1
607,26,No,Yes,6,Low,Good,1
608,49,No,Yes,13,Medium,Acceptable,1
609,56,No,Yes,0,Low,Unacceptable,0
610,24,No,Yes,6,Low,Acceptable,1
611,23,No,Yes,2,Low,Acceptable,1
612,18,No,Yes,0,Medium,Acceptable,1
613,24,Yes,Yes,6,Low,Acceptable,1
614,24,No,No,6,Medium,Acceptable,1
615,27,Yes,Yes,8,Low,Unacceptable,0
616,22,Yes,Yes,4,Low,Acceptable,1
617,58,Yes,No,7,Low,Unacceptable,0
618,34,Yes,Yes,4,Medium,Good,1
619,53,Yes,Yes,8,Medium,Acceptable,1
620,47,Yes,Yes,9,Medium,Good,1
621,19,Yes,Yes,7,Medium,Good,1
622,48,No,Yes,10,Low,Acceptable,1
623,25,No,Yes,7,Low,Unacceptable,0
624,20,Yes,Yes,2,Medium,Acceptable,1
625,55,Yes,No,10,Low,Unacceptable,0
626,23,No,Yes,5,Medium,Acceptable,1
627,19,No,Yes,1,Low,Unacceptable,0
628,27,No,Yes,6,Low,Acceptable,1
629,48,No,Yes,15,High,Acceptable,1
630,34,Yes,Yes,5,Low,Unacceptable,0
631,28,Yes,Yes,6,Medium,Good,1
632,51,No,Yes,1,Medium,Acceptable,1
633,32,Yes,Yes,6,High,Unacceptable,0
634,23,Yes,Yes,5,High,Unacceptable,0
635,25,No,Yes,7,Medium,Unacceptable,0
636,49,No,Yes,16,Low,Acceptable,1
637,26,Yes,Yes,8,Low,Unacceptable,0
638,26,No,No,8,Low,Unacceptable,0
639,22,Yes,Yes,1,Low,Good,1
640,25,No,Yes,4,Low,Unacceptable,0
641,20,No,Yes,2,Medium,Acceptable,1
642,22,Yes,Yes,4,Medium,Acceptable,1
643,25,Yes,No,7,Medium,Acceptable,1
644,54,No,Yes,10,Low,Unacceptable,0
645,20,Yes,No,2,Medium,Acceptable,1
646,33,No,No,10,High,Unacceptable,0
647,21,Yes,Yes,3,High,Acceptable,1
648,46,No,Yes,11,Medium,Acceptable,1
649,19,No,Yes,1,Low,Acceptable,1
650,28,No,Yes,5,Low,Unacceptable,0
651,21,No,Yes,3,Low,Acceptable,1
652,21,No,Yes,3,Low,Acceptable,1
653,53,No,Yes,10,Medium,Unacceptable,0
654,46,No,Yes,14,Medium,Acceptable,1
655,20,Yes,Yes,2,Low,Unacceptable,0
656,21,No,Yes,3,Low,Acceptable,1
657,31,No,Yes,13,Medium,Best,1
658,24,Yes,No,6,Low,Acceptable,1
659,53,No,Yes,13,Low,Acceptable,1
660,20,No,Yes,2,Low,Acceptable,1
661,24,Yes,Yes,3,Medium,Good,1
662,35,No,Yes,3,High,Good,1
663,26,Yes,Yes,8,Medium,Best,1
664,19,No,Yes,1,Low,Acceptable,1
665,18,No,Yes,0,Medium,Acceptable,1
666,49,Yes,Yes,14,Low,Acceptable,1
667,21,No,Yes,3,Low,Acceptable,1
668,22,No,Yes,4,Low,Unacceptable,0
669,26,Yes,Yes,11,High,Good,1
670,57,No,Yes,4,Low,Unacceptable,0
671,38,No,Yes,4,High,Good,1
672,29,No,Yes,8,Medium,Unacceptable,0
673,24,No,Yes,6,Medium,Acceptable,1
674,28,No,Yes,10,Medium,Acceptable,1
675,21,No,Yes,3,Low,Acceptable,1
676,22,No,Yes,4,Low,Acceptable,1
677,27,No,Yes,9,Low,Unacceptable,0
678,34,Yes,Yes,3,Medium,Unacceptable,0
679,22,Yes,Yes,4,High,Unacceptable,0
680,21,No,Yes,3,Low,Acceptable,1
681,19,No,Yes,1,High,Acceptable,1
682,21,No,Yes,3,Low,Unacceptable,0
683,56,No,No,5,Low,Unacceptable,0
684,35,Yes,Yes,4,Low,Good,1
685,22,No,Yes,4,Medium,Acceptable,1
686,18,Yes,Yes,0,Low,Acceptable,1
687,20,No,Yes,2,Low,Acceptable,1
688,45,No,No,8,Low,Acceptable,1
689,42,Yes,Yes,4,Medium,Good,1
690,57,No,Yes,8,Low,Unacceptable,0
691,35,Yes,Yes,6,Medium,Good,1
692,19,No,Yes,1,High,Acceptable,1
693,31,Yes,Yes,0,High,Unacceptable,0
694,25,No,Yes,7,High,Acceptable,1
695,42,Yes,Yes,11,Medium,Good,1
696,46,Yes,Yes,6,Medium,Good,1
697,56,No,Yes,8,Medium,Unacceptable,0
698,40,No,Yes,6,Low,Good,1
699,27,Yes,Yes,9,Low,Unacceptable,0
700,27,Yes,Yes,4,Medium,Good,1
701,20,Yes,Yes,2,High,Unacceptable,0
702,19,No,Yes,1,Low,Acceptable,1
703,44,No,Yes,12,Low,Acceptable,1
704,19,No,No,1,Medium,Acceptable,1
705,27,Yes,Yes,2,Medium,Good,1
706,34,Yes,Yes,3,Medium,Good,1
707,24,No,Yes,6,Low,Acceptable,1
708,28,Yes,Yes,9,Low,Unacceptable,0
709,37,Yes,Yes,10,High,Good,1
710,25,No,No,0,Low,Unacceptable,0
711,55,No,Yes,8,Low,Unacceptable,0
712,26,No,Yes,8,Low,Best,1
713,22,No,Yes,4,Low,Acceptable,1
714,55,Yes,Yes,0,Low,Unacceptable,0
715,47,Yes,Yes,8,Low,Acceptable,1
716,25,No,Yes,7,Low,Unacceptable,0
717,30,Yes,No,4,Low,Unacceptable,0
718,30,No,Yes,8,Medium,Good,1
719,22,No,Yes,4,Low,Unacceptable,0
720,23,No,Yes,5,Low,Unacceptable,0
721,40,Yes,No,7,Medium,Good,1
722,22,No,Yes,4,Low,Acceptable,1
723,20,No,Yes,2,Low,Acceptable,1
724,22,No,Yes,4,Low,Acceptable,1
725,43,No,Yes,9,Medium,Good,1
726,59,Yes,Yes,9,Medium,Unacceptable,0
727,56,Yes,No,6,Low,Unacceptable,0
728,55,Yes,Yes,17,High,Acceptable,1
729,22,No,Yes,4,Medium,Acceptable,1
730,51,No,Yes,6,Low,Acceptable,1
731,30,No,Yes,6,Low,Unacceptable,0
732,47,No,Yes,11,Low,Acceptable,1
733,18,No,Yes,0,Medium,Unacceptable,0
734,45,No,Yes,19,Low,Acceptable,1
735,56,Yes,Yes,4,Low,Unacceptable,0
736,55,Yes,Yes,9,High,Unacceptable,0
737,24,Yes,Yes,6,Medium,Acceptable,1
738,22,Yes,Yes,4,Medium,Unacceptable,0
739,22,Yes,Yes,4,Medium,Acceptable,1
740,58,No,Yes,12,Low,Unacceptable,0
741,19,No,Yes,1,High,Acceptable,1
742,54,No,Yes,5,Low,Unacceptable,0
743,20,Yes,Yes,2,High,Acceptable,1
744,24,No,No,6,Low,Unacceptable,0
745,48,No,Yes,3,Low,Acceptable,1
746,24,No,Yes,6,High,Best,1
747,56,Yes,Yes,4,Low,Unacceptable,0
748,55,No,Yes,4,Low,Unacceptable,0
749,48,No,Yes,12,Low,Acceptable,1
750,54,No,Yes,9,Low,Acceptable,1
751,22,Yes,Yes,4,Low,Acceptable,1
752,24,Yes,Yes,6,Medium,Unacceptable,0
753,21,Yes,Yes,3,Low,Acceptable,1
754,48,No,Yes,12,Low,Acceptable,1
755,31,No,Yes,13,High,Best,1
756,26,Yes,No,8,Low,Unacceptable,0
757,25,No,Yes,7,Low,Unacceptable,0
758,24,Yes,Yes,6,Low,Acceptable,1
759,34,Yes,Yes,1,Low,Good,1
760,56,Yes,Yes,6,Low,Unacceptable,0
761,57,Yes,Yes,12,Low,Unacceptable,0
762,39,No,Yes,3,Low,Good,1
763,47,No,Yes,8,Low,Acceptable,1
764,37,No,Yes,15,Medium,Best,1
765,24,No,Yes,5,Low,Unacceptable,0
766,57,Yes,Yes,8,Low,Unacceptable,0
767,42,No,Yes,3,Low,Good,1
768,25,No,Yes,7,Low,Acceptable,1
769,26,Yes,Yes,5,Medium,Unacceptable,0
770,48,No,Yes,17,Low,Acceptable,1
771,33,Yes,No,9,High,Unacceptable,0
772,50,No,Yes,9,Low,Acceptable,1
773,26,Yes,Yes,7,Low,Unacceptable,0
774,44,Yes,Yes,8,High,Acceptable,1
775,50,No,No,9,High,Acceptable,1
776,54,Yes,Yes,8,Low,Unacceptable,0
777,20,No,Yes,7,Medium,Good,1
778,28,Yes,Yes,10,High,Best,1
779,19,No,No,1,Low,Unacceptable,0
780,47,Yes,Yes,8,Low,Acceptable,1
781,54,Yes,No,10,Low,Acceptable,1
782,33,No,No,7,Low,Unacceptable,0
783,29,No,Yes,11,Medium,Good,1
784,50,Yes,Yes,16,Low,Acceptable,1
785,56,No,Yes,9,Low,Unacceptable,0
786,23,No,Yes,4,Low,Unacceptable,0
787,23,No,Yes,5,Low,Acceptable,1
788,39,No,Yes,8,Low,Good,1
789,54,Yes,Yes,4,Low,Unacceptable,0
790,22,Yes,Yes,2,High,Good,1
791,32,No,Yes,2,Medium,Good,1
792,23,No,Yes,5,Low,Acceptable,1
793,33,Yes,Yes,11,Low,Good,1
794,36,No,Yes,2,Low,Good,1
795,46,No,Yes,14,Medium,Acceptable,1
796,38,No,Yes,4,Medium,Good,1
797,21,No,No,3,Low,Acceptable,1
798,49,Yes,Yes,18,High,Acceptable,1
799,50,No,Yes,9,Medium,Acceptable,1
800,24,No,Yes,6,Medium,Acceptable,1
801,56,No,Yes,4,Low,Unacceptable,0
802,53,No,Yes,7,Low,Unacceptable,0
803,26,Yes,Yes,4,Medium,Acceptable,1
804,19,Yes,Yes,1,Low,Acceptable,1
805,23,No,Yes,5,High,Acceptable,1
806,34,No,Yes,14,Medium,Unacceptable,0
807,56,No,Yes,7,High,Unacceptable,0
808,47,No,Yes,9,Medium,Acceptable,1
809,28,No,Yes,10,Low,Acceptable,1
810,28,No,Yes,10,Low,Best,1
811,21,Yes,Yes,3,Low,Acceptable,1
812,33,No,Yes,5,Medium,Good,1
813,28,No,No,2,High,Unacceptable,0
814,28,Yes,Yes,7,Low,Unacceptable,0
815,27,No,Yes,9,High,Acceptable,1
816,53,No,Yes,5,Low,Unacceptable,0
817,21,No,No,3,Low,Acceptable,1
818,30,Yes,Yes,7,Low,Unacceptable,0
819,33,Yes,Yes,13,High,Best,1
820,22,No,Yes,4,High,Acceptable,1
821,44,Yes,Yes,12,High,Acceptable,1
822,41,No,Yes,7,High,Good,1
823,33,No,Yes,15,High,Best,1
824,35,Yes,Yes,8,High,Good,1
825,19,Yes,Yes,1,Low,Acceptable,1
826,58,Yes,Yes,9,Low,Unacceptable,0
827,35,No,Yes,10,Low,Unacceptable,0
828,26,No,Yes,3,Low,Good,1
829,21,No,No,3,Medium,Acceptable,1
830,31,No,Yes,6,Medium,Good,1
831,48,No,Yes,3,Medium,Good,1
832,21,No,Yes,3,Medium,Acceptable,1
833,30,No,Yes,7,Low,Unacceptable,0
834,25,No,Yes,8,Low,Good,1
835,43,No,Yes,4,Medium,Acceptable,1
836,50,No,Yes,11,High,Acceptable,1
837,44,No,Yes,14,Low,Acceptable,1
838,39,No,Yes,10,Medium,Good,1
839,33,Yes,No,2,Low,Unacceptable,0
840,26,No,Yes,7,Low,Unacceptable,0
841,53,No,Yes,8,High,Acceptable,1
842,28,Yes,No,7,Medium,Unacceptable,0
843,35,No,No,9,High,Unacceptable,0
844,22,No,Yes,4,Medium,Acceptable,1
845,19,No,No,1,Low,Unacceptable,0
846,19,No,Yes,1,Low,Acceptable,1
847,25,No,Yes,7,Low,Acceptable,1
848,23,Yes,No,2,Low,Unacceptable,0
849,38,Yes,Yes,1,Medium,Good,1
850,32,No,Yes,6,High,Unacceptable,0
851,52,Yes,Yes,10,Medium,Acceptable,1
852,21,No,Yes,9,Medium,Good,1
853,25,No,Yes,7,Low,Unacceptable,0
854,20,Yes,Yes,2,High,Best,1
855,20,No,Yes,2,Low,Unacceptable,0
856,30,No,Yes,11,Medium,Best,1
857,23,Yes,Yes,5,Low,Unacceptable,0
858,34,No,Yes,5,Medium,Unacceptable,0
859,21,Yes,Yes,3,High,Best,1
860,46,No,Yes,18,Low,Acceptable,1
861,33,No,Yes,2,High,Unacceptable,0
862,19,No,Yes,1,Low,Unacceptable,0
863,23,No,Yes,5,High,Acceptable,1
864,49,No,Yes,7,Medium,Acceptable,1
865,40,Yes,No,9,Low,Good,1
866,26,No,Yes,8,High,Acceptable,1
867,25,No,Yes,7,Low,Acceptable,1
868,20,No,Yes,2,Low,Unacceptable,0
869,38,Yes,Yes,11,Medium,Good,1
870,27,Yes,Yes,9,Low,Unacceptable,0
871,57,No,No,9,Low,Unacceptable,0
872,29,Yes,Yes,2,Low,Unacceptable,0
873,22,No,No,4,Low,Unacceptable,0
874,27,Yes,Yes,9,Medium,Unacceptable,0
875,22,No,Yes,4,Medium,Acceptable,1
876,21,No,Yes,3,Low,Unacceptable,0
877,23,No,No,5,Low,Unacceptable,0
878,24,Yes,No,6,Medium,Acceptable,1
879,28,Yes,Yes,7,Medium,Unacceptable,0
880,24,Yes,Yes,6,Low,Acceptable,1
881,45,No,Yes,4,Low,Acceptable,1
882,41,No,Yes,6,High,Good,1
883,26,No,Yes,8,Medium,Acceptable,1
884,48,No,Yes,6,Low,Acceptable,1
885,23,Yes,No,5,Low,Unacceptable,0
886,40,No,Yes,8,Low,Good,1
887,56,Yes,Yes,7,Low,Unacceptable,0
888,33,No,Yes,0,Low,Unacceptable,0
889,44,Yes,Yes,5,Medium,Good,1
890,48,No,Yes,6,Low,Acceptable,1
891,21,Yes,Yes,11,Medium,Good,1
892,21,No,Yes,3,Low,Acceptable,1
893,29,No,Yes,3,Medium,Best,1
894,24,No,Yes,6,High,Acceptable,1
895,19,No,Yes,1,High,Acceptable,1
896,51,No,Yes,1,Medium,Acceptable,1
897,25,No,Yes,7,Low,Unacceptable,0
898,31,No,Yes,3,High,Unacceptable,0
899,25,No,Yes,7,Low,Acceptable,1
900,28,No,Yes,7,Medium,Unacceptable,0
901,21,No,Yes,3,Low,Acceptable,1
902,21,No,Yes,3,Low,Acceptable,1
903,24,No,Yes,6,Medium,Acceptable,1
904,19,Yes,No,1,Low,Unacceptable,0
905,22,No,Yes,4,High,Acceptable,1
906,30,No,Yes,11,Low,Unacceptable,0
907,52,No,Yes,9,Low,Acceptable,1
908,28,No,Yes,9,Medium,Acceptable,1
909,20,No,Yes,2,Medium,Acceptable,1
910,37,Yes,Yes,6,Medium,Good,1
911,47,No,Yes,16,Medium,Acceptable,1
912,53,No,Yes,4,Low,Unacceptable,0
913,31,No,Yes,4,Medium,Good,1
914,23,No,Yes,5,Low,Acceptable,1
915,21,No,Yes,3,Low,Unacceptable,0
916,30,Yes,Yes,8,Medium,Good,1
917,24,No,Yes,6,Low,Acceptable,1
918,27,No,Yes,9,Low,Acceptable,1