customer_id,customer_name,customer_age,customer_type,customer_since,customer_income,household_size,mode_color
1,Coraline Flores,23,online,2022,116000,1,red
2,Presley Ortiz,41,online,2021,111000,1,blue
3,Reid Knight,40,online,2023,55000,1,green
4,Clarissa Chandler,43,local,2023,32000,2,orange
5,Isaac Vaughn,23,phone,2023,46000,1,blue
6,Maleah James,30,online,2023,88000,1,orange
7,Ada Weber,39,local,2021,25000,6,red
8,Winston Short,45,local,2018,66000,2,red
9,Jackson Marshall,30,phone,2020,64000,4,red
10,Eleanor Daniel,52,phone,2023,90000,2,black
11,Amanda Reyes,40,local,2018,55000,7,orange
12,Ingrid Maxwell,38,local,2023,55000,2,blue
13,Martin Mueller,45,online,2023,83000,4,purple
14,Victoria Peterson,33,local,2020,101000,3,blue
15,Evan Ramirez,43,local,2018,94000,4,blue
16,Lydia Petersen,47,local,2018,81000,2,black
17,Jesse McKenzie,49,online,2019,89000,1,red
18,Teresa Everett,47,local,2023,108000,2,red
19,Clayton Benson,36,local,2023,71000,3,red
20,Logan Bailey,22,phone,2021,105000,6,white
21,Colette Bridges,38,online,2023,89000,2,blue
22,Rich Jones,29,local,2020,87000,1,orange
23,Ruby Anderson,30,local,2019,112000,1,red
24,Benjamin Blankenship,44,local,2021,126000,2,red
25,Adelina Harris,44,online,2021,92000,8,white
26,Max Gray,24,local,2020,119000,1,purple
27,Nathaniel Miller,43,local,2023,94000,4,red
28,Brady Peters,36,phone,2021,81000,1,red
29,Matthew Booth,26,local,2022,120000,9,red
30,Simone Perry,32,local,2023,103000,3,orange
31,Harleigh Rose,37,local,2023,58000,1,blue
32,Olive Campbell,37,online,2018,69000,1,red
33,Carter Sanders,21,online,2023,71000,2,orange
34,Levi Gomez,46,local,2019,119000,2,white
35,Bristol Horn,32,local,2022,86000,2,black
36,Henry Fisher,38,online,2021,103000,2,orange
37,Lenny Ward,44,phone,2023,179000,4,green
38,Jackson Duncan,35,local,2023,40000,2,red
39,Benjamin Wilson,29,local,2020,99000,2,red
40,Lennon Davis,57,online,2021,158000,1,blue
41,Harlee Gibson,46,local,2019,96000,4,purple
42,Zara Mendoza,45,local,2021,65000,2,purple
43,Madalynn Bailey,23,online,2023,86000,1,red
44,Michael Gutierrez,44,online,2018,76000,7,green
45,Kate Noble,31,online,2020,125000,4,blue
46,Aspen Rodgers,44,phone,2022,76000,6,black
47,Corey Hayes,38,phone,2023,78000,4,green
48,Henry Mitchell,45,local,2019,65000,1,blue
49,Josie Norris,46,phone,2021,116000,2,black
50,Elijah Garcia,53,online,2023,59000,4,red
51,Caleb Reynolds,36,local,2020,81000,7,green
52,Mikaela Ross,49,local,2023,124000,2,white
53,Mike Rose,36,local,2020,59000,4,blue
54,April Perez,27,local,2019,122000,2,black
55,Alexander Sherman,45,local,2020,118000,1,red
56,Grant Hughes,41,local,2023,120000,6,blue
57,Joseph Miller,53,online,2023,69000,5,blue
58,Adrienne Marshall,35,local,2021,90000,2,blue
59,Tyler Wade,56,online,2018,91000,2,orange
60,James Dickerson,27,local,2020,118000,4,orange
61,Apollo Bryant,49,local,2020,93000,1,blue
62,Malachi Rodgers,56,local,2023,104000,2,orange
63,Nova Hayes,39,phone,2021,150000,1,red
64,Aurelia LeBlanc,35,local,2019,82000,1,blue
65,Vivian Atkinson,34,local,2023,25000,1,orange
66,Jackson Ruiz,24,local,2020,62000,2,green
67,Everly McBride,45,local,2021,58000,2,blue
68,Henley Dalton,46,local,2018,100000,2,black
69,Catalina Morse,49,online,2023,119000,2,blue
70,Henry Brown,50,local,2022,45000,6,blue
71,Devin Warren,41,phone,2020,87000,2,green
72,Lucy Kim,48,local,2018,88000,2,green
73,Liv Brown,29,local,2023,120000,1,white
74,Hailey Anderson,41,local,2023,161000,2,green
75,Daisy Wagner,37,local,2022,92000,3,orange
76,Erika Nelson,45,local,2020,124000,2,red
77,Luna Hensley,37,local,2018,48000,1,yellow
78,Royalty O'Connor,45,local,2018,59000,1,black
79,Penelope Diaz,31,phone,2018,76000,2,red
80,Andrew Takahashi,35,local,2023,71000,2,red
81,Rayna Roberts,22,online,2023,124000,2,black
82,Camila Fuller,46,local,2022,81000,3,green
83,Chance Taylor,55,local,2023,77000,4,purple
84,Levi Richardson,44,phone,2020,121000,3,red
85,Gwen Gutierrez,47,local,2020,114000,5,purple
86,Dallas Hernandez,42,local,2018,123000,1,green
87,Camila Romero,46,local,2023,92000,4,black
88,Ella Walls,38,local,2018,116000,1,orange
89,Kate Brady,60,local,2021,134000,1,red
90,Arlette McDonald,52,online,2023,130000,2,white
91,Neal Cox,53,local,2023,100000,4,blue
92,Caroline Rodriguez,35,local,2023,93000,1,blue
93,Mia Morgan,44,local,2019,57000,1,orange
94,Hazel Welch,36,online,2019,373000,2,white
95,Ryan Lane,56,local,2019,346000,2,orange
96,Noemi Meyers,58,local,2020,106000,2,white
97,April Nakamura,53,local,2019,97000,1,red
98,Claudia Horton,25,local,2020,90000,3,black
99,Elijah Taylor,38,online,2023,74000,4,red
100,Madilynn Anderson,40,local,2023,126000,4,blue
101,Scarlett Rodriguez,29,local,2018,96000,1,white
102,Priscilla Palmer,31,local,2021,95000,2,black
103,Nathalie Hunt,23,online,2023,127000,1,orange
104,Sandra Andrews,38,local,2023,171000,4,white
105,Luke Hardy,42,local,2023,61000,1,purple
106,Robert Carter,19,phone,2023,82000,4,green
107,Colton Schultz,24,online,2023,43000,2,blue
108,Oaklynn Williams,34,local,2021,123000,2,green
109,Kenneth Roberts,36,phone,2023,173000,2,blue
110,Andre Boyd,44,local,2019,61000,2,red
111,Camilla Meyer,31,phone,2023,79000,1,yellow
112,Owen Gonzalez,41,online,2023,67000,1,red
113,Christian Lopez,43,online,2019,106000,2,red
114,Ruby Lindsey,49,local,2020,84000,4,purple
115,Palmer Ingram,37,local,2018,45000,1,red
116,Laila Morris,39,online,2020,25000,1,blue
117,Phil Kerr,51,local,2023,109000,2,orange
118,Harmon Beard,45,local,2020,60000,1,white
119,Jolie Lee,53,local,2019,102000,2,orange
120,Everly Reed,40,local,2019,68000,4,white
121,Kaylie Wall,44,online,2020,65000,1,orange
122,Myra Rivera,41,online,2023,84000,2,orange
123,Ramona Randolph,34,local,2023,120000,2,blue
124,Elyse Lambert,34,local,2022,82000,1,green
125,Cecilia Gonzales,33,phone,2018,104000,4,red
126,Olivia Campbell,30,online,2019,88000,3,green
127,Kate Spencer,44,online,2018,70000,1,red
128,Smith Garrett,35,local,2023,84000,4,red
129,Rhea Simmons,33,local,2021,72000,1,white
130,Skyler Reed,55,local,2020,76000,2,black
131,Kennedy Cruz,43,online,2020,84000,1,red
132,Olivia Thomas,42,local,2022,103000,10,black
133,Packer Rhodes,34,phone,2019,62000,2,green
134,Brynlee O'Connor,49,online,2018,89000,2,red
135,Destiny Garcia,26,local,2023,107000,1,orange
136,Paisleigh Boone,44,online,2023,109000,3,white
137,Ellison Mueller,44,online,2019,118000,1,yellow
138,Helena Alexander,45,online,2023,75000,4,blue
139,Kaia Powell,56,local,2019,132000,1,orange
140,Amelia Perez,48,local,2023,85000,1,black
141,Ronan Woods,46,local,2023,77000,4,black
142,Richard Lawrence,49,local,2018,68000,3,yellow
143,Eleanor Harris,47,local,2020,61000,2,black
144,Lydia Anthony,37,local,2022,99000,2,red
145,Vaughn Ortiz,28,online,2021,84000,2,red
146,Camilla Eaton,22,local,2023,89000,2,red
147,Olivia Gonzalez,44,online,2021,89000,2,black
148,Russell Sanchez,29,local,2023,59000,2,black
149,Kira Martinez,24,local,2022,65000,2,red
150,Jett Lowe,37,online,2021,57000,3,blue
151,Madelyn Frank,47,online,2018,80000,2,orange
152,Emma Lewis,44,phone,2022,50000,1,blue
153,Stephanie Perry,23,online,2023,111000,2,orange
154,Harmoni Burgess,36,phone,2023,82000,1,blue
155,Eleanor Norman,45,local,2023,92000,2,blue
156,Simone Phillips,52,local,2022,143000,1,green
157,Scarlett Nguyen,25,local,2023,93000,4,blue
158,Phil Ellison,32,phone,2023,102000,1,red
159,D.J. Henry,39,phone,2022,164000,2,blue
160,Henry Roberts,22,local,2021,104000,3,white
161,Leah Mitchell,46,local,2023,56000,4,red
162,James Gray,47,online,2023,82000,2,blue
163,Allyson Bennett,58,local,2023,86000,4,blue
164,Hallie Robinson,23,local,2018,114000,1,red
165,Carolyn Stevenson,40,online,2020,58000,2,blue
166,Grace Lewis,42,local,2023,121000,4,red
167,Madalyn Vaughn,31,online,2023,57000,3,blue
168,Makayla Shannon,49,online,2021,69000,2,white
169,Zuri Smith,21,online,2022,111000,2,black
170,Rosa Hall,28,local,2022,61000,3,blue
171,Katherine Joseph,34,local,2018,83000,1,black
172,Marleigh Lynch,42,phone,2023,93000,5,blue
173,Robin Reese,52,local,2023,105000,4,blue
174,Eli Norris,30,local,2021,128000,6,orange
175,Max Thompson,31,online,2020,102000,2,blue
176,Dallas Sweeney,36,local,2022,63000,4,orange
177,Alivia Curtis,44,local,2023,87000,4,red
178,Josephine Baker,38,local,2018,106000,4,green
179,Lucas Morrison,46,phone,2018,74000,1,black
180,Lia Drake,40,online,2021,106000,2,orange
181,Yareli Diaz,48,local,2019,56000,4,black
182,Jurnee English,45,local,2020,56000,1,red
183,Jazmine Barnes,50,online,2023,117000,4,green
184,Coraline Hansen,36,local,2020,99000,4,orange
185,Amaya Davidson,35,online,2021,107000,3,blue
186,Samuel Scott,30,local,2021,399000,4,black
187,Jordan Gonzalez,36,phone,2023,121000,1,blue
188,Skye Richardson,33,phone,2020,117000,2,blue
189,Jack Rivera,40,phone,2023,339000,2,red
190,Adrianna Blackwell,56,local,2023,99000,2,blue
191,Samara Wilson,31,local,2019,139000,1,red
192,Chloe Romero,20,local,2021,112000,5,red
193,Amayah Rice,51,local,2020,68000,3,green
194,Edward Monroe,48,local,2023,78000,2,green
195,Sawyer Carr,32,local,2019,110000,1,blue
196,Chaya Sanders,33,online,2023,94000,1,red
197,Matthew Hernandez,29,phone,2018,74000,4,white
198,Riley Lopez,25,local,2020,104000,9,purple
199,James Hensley,40,local,2022,70000,4,green
200,Jayden Suzuki,53,online,2022,81000,4,red
201,Brevin Garner,46,online,2021,83000,1,blue
202,Delilah Nielsen,56,online,2018,71000,1,black
203,Zoe Christensen,57,local,2023,102000,1,black
204,Orrin Ware,41,local,2022,78000,2,purple
205,Barrett Watkins,29,online,2023,72000,1,white
206,Wynn Bradshaw,44,local,2023,95000,2,red
207,Marleigh Kent,47,local,2023,78000,1,blue
208,Kane Howard,40,online,2023,98000,1,orange
209,Brady Webster,37,local,2023,70000,2,red
210,Jack Wells,44,phone,2022,95000,2,black
211,Sabrina Wilson,24,local,2023,392000,1,green
212,Hannah Kowalski,43,local,2023,93000,2,blue
213,Averi Foley,46,local,2023,122000,2,red
214,Brendan Lambert,36,local,2021,103000,4,black
215,Savanna Jackson,27,local,2019,79000,4,black
216,Reina Strickland,41,local,2019,92000,3,black
217,Chelsea Decker,45,online,2023,80000,4,blue
218,William Cohen,44,local,2019,87000,2,red
219,Maddox Sexton,28,local,2023,93000,1,orange
220,Alex Coleman,35,online,2023,60000,2,white
221,Autumn Shaw,42,local,2021,68000,1,green
222,Ronan Mathis,19,local,2021,114000,2,green
223,Xavier Melton,37,local,2021,106000,1,blue
224,Benjamin Young,44,online,2023,93000,2,red
225,Bortimer Peterson,36,phone,2021,156000,1,black
226,Lucy Marshall,35,local,2023,96000,2,black
227,Andrew Dodson,37,local,2019,138000,2,red
228,Doke Hogan,37,local,2019,105000,4,green
229,Kairi Blevins,33,local,2018,93000,1,white
230,Griffin Wilkerson,54,phone,2018,57000,4,blue
231,Madilyn Blankenship,43,local,2021,73000,1,blue
232,Samuel Lee,25,local,2023,86000,1,blue
233,Landon Payne,35,online,2020,74000,2,orange
234,Madelyn Garcia,28,local,2023,58000,3,black
235,Samuel Martinez,24,local,2023,72000,1,white
236,Wade Carter,32,local,2019,101000,2,white
237,Elijah Turner,23,local,2023,75000,1,blue
238,Vivian Cruz,47,online,2019,82000,2,blue
239,Clint Anderson,37,phone,2020,50000,2,black
240,Ariah Reyes,48,phone,2023,66000,1,black
241,Tyler Cross,39,online,2018,150000,1,white
242,Amelia Randall,46,local,2019,166000,2,green
243,Leilani Bryant,45,online,2022,90000,3,orange
244,Evelyn Austin,46,local,2019,83000,2,orange
245,Hayley Terry,47,local,2020,90000,1,blue
246,Brickwall Everett,50,local,2021,118000,2,red
247,Charlotte Moore,36,local,2023,100000,2,yellow
248,Eric Reyes,39,online,2020,104000,9,black
249,Mavis Caldwell,23,online,2019,88000,8,red
250,Clinton Lloyd,36,local,2023,116000,1,orange
251,Milani Erickson,31,local,2020,63000,2,blue
252,Kendall Ortiz,35,online,2023,103000,4,blue
253,Lucas Burns,50,local,2021,115000,4,black
254,Samuel Frazier,52,phone,2019,114000,1,blue
255,Bailey Maxwell,30,local,2022,102000,2,purple
256,Mikayla Lynch,35,online,2023,61000,4,red
257,Yaretzi Day,38,online,2023,77000,2,green
258,Geoff Gonzales,45,phone,2022,102000,2,white
259,Gabriel Gonzalez,53,local,2018,89000,1,orange
260,Willa Hoffman,29,phone,2023,86000,6,black
261,Savannah Perez,48,local,2020,91000,2,red
262,Sebastian Webb,31,phone,2023,78000,4,purple
263,Ariah Gonzalez,52,local,2020,78000,2,red
264,Amaya Chavez,26,local,2020,60000,7,orange
265,Mike Harris,33,local,2023,46000,1,black
266,Grace Wallace,38,local,2023,48000,1,orange
267,Josiah Holmes,36,local,2023,106000,2,yellow
268,Mason Mendoza,20,local,2019,109000,1,orange
269,Baylee Mathis,42,local,2023,90000,2,blue
270,Jaxon Collins,36,local,2020,57000,1,red
271,Chad Hicks,43,local,2022,67000,4,orange
272,Valentina Herring,35,local,2023,102000,2,black
273,Solomon Perkins,23,online,2021,91000,10,black
274,Hunter Fuller,39,local,2021,92000,1,red
275,Jaelynn Turner,48,phone,2019,103000,1,red
276,Henry Ortiz,36,local,2023,126000,1,purple
277,Emily Sanders,36,local,2023,64000,3,black
278,Amelie Glass,37,local,2018,102000,3,black
279,Lailah Harper,34,phone,2019,75000,1,white
280,Emma Garrison,32,local,2019,379000,2,white
281,Penelope Moore,28,local,2018,71000,2,purple
282,Shelby Schultz,69,local,2020,97000,1,orange
283,Samantha Diaz,55,online,2023,89000,2,orange
284,Logan Christian,49,local,2020,85000,7,red
285,Erica Grant,31,local,2021,68000,4,red
286,Brevin Griffin,34,online,2019,154000,2,white
287,Chana King,53,local,2020,126000,3,orange
288,Riley Christensen,45,local,2023,192000,2,red
289,Jackson Shaffer,20,online,2020,88000,4,blue
290,Yaretzi Shaffer,28,local,2020,94000,2,white
291,Skylar Caldwell,32,local,2023,107000,1,yellow
292,Emmett Hall,40,local,2023,62000,3,white
293,Travis Lopez,32,online,2023,60000,1,red
294,Benjamin Barron,34,local,2023,84000,2,blue
295,Trent Thompson,24,local,2023,113000,2,orange
296,Catalina Jones,36,online,2023,91000,2,green
297,Raina Jordan,49,online,2021,123000,2,blue
298,Jebediah Ramirez,48,online,2023,74000,1,white
299,Kyra Quinn,37,phone,2023,89000,4,red
300,Bradley Hernandez,53,local,2022,93000,1,black
301,Sebastian Lawson,27,local,2020,117000,3,blue
302,Remington Lopez,58,local,2018,70000,6,red
303,Laura Smith,53,online,2023,113000,1,orange
304,Mikayla Wagner,35,local,2019,120000,2,purple
305,Mike Arnold,51,online,2023,111000,6,red
306,Berkley Keller,25,local,2019,79000,1,blue
307,Aubrey Ferguson,25,local,2018,83000,3,orange
308,Valentina Warren,34,online,2023,102000,1,blue
309,Kehlani Swanson,47,online,2019,90000,4,blue
310,Abigail Butler,33,online,2023,64000,2,red
311,James Miles,57,local,2018,180000,3,black
312,Ellie Lopez,33,local,2023,112000,1,blue
313,Zariyah Hunter,43,online,2021,58000,4,yellow
314,Luna Hayes,42,phone,2019,101000,1,yellow
315,August Stone,43,online,2018,53000,2,red
316,Camilla Vincent,38,online,2022,46000,1,red
317,Chuck McDowell,52,local,2023,104000,1,blue
318,Rebekah Vargas,40,phone,2023,76000,2,orange
319,Marissa Bryant,36,local,2023,106000,1,blue
320,Tyler Chavez,47,local,2022,98000,2,blue
321,Ariana Crawford,52,local,2023,107000,4,orange
322,Charlotte Rivera,36,local,2018,64000,2,orange
323,Peyton Baker,38,local,2019,104000,4,orange
324,Amy Ramos,32,online,2021,99000,2,red
325,Bristol Huffman,50,local,2023,83000,1,black
326,Riley Reed,30,local,2021,73000,4,red
327,Lorelai Diaz,35,local,2020,97000,1,blue
328,Alex Hernandez,41,phone,2023,91000,4,orange
329,Amiya Allen,38,phone,2023,75000,1,orange
330,Zoe Bennett,39,online,2019,37000,2,red
331,Christian Simpson,28,local,2023,80000,3,black
332,Skyla King,29,local,2023,69000,3,blue
333,Cali Johnson,30,online,2021,62000,3,black
334,Esme Douglas,26,local,2019,106000,2,black
335,Denver Davidson,44,local,2019,113000,2,red
336,Jamie Landry,27,online,2023,90000,2,yellow
337,Alaina Keller,48,local,2023,68000,2,blue
338,Gianna Palmer,25,phone,2019,117000,2,blue
339,Bart Brown,24,local,2022,90000,1,green
340,Christian Molina,29,local,2019,151000,2,yellow
341,Destiny Heath,24,local,2020,78000,2,purple
342,Selena Adkins,49,local,2019,105000,2,blue
343,Natalie Kim,43,local,2021,69000,2,blue
344,Demi Evans,39,phone,2021,70000,4,blue
345,Liberty Carpenter,44,local,2020,76000,2,blue
346,Henry Anderson,41,local,2020,82000,2,red
347,Gary McClain,50,local,2023,87000,8,white
348,Daniel McCall,46,local,2023,62000,1,red
349,Hadley Underwood,42,local,2023,192000,2,blue
350,Landry Campbell,32,local,2019,103000,1,green
351,Amari Gibson,49,phone,2023,72000,2,red
352,Daniella Walls,39,online,2021,74000,6,yellow
353,Christopher Russell,28,local,2023,59000,4,red
354,Mason Gonzalez,52,online,2019,77000,4,orange
355,Samantha Rivera,50,local,2023,95000,2,blue
356,Owen Miller,46,local,2020,142000,2,blue
357,Virginia Johnson,27,local,2023,88000,7,blue
358,Alani Wilson,32,online,2019,80000,1,green
359,Vaughn Barnes,33,local,2023,87000,1,yellow
360,Scarlett Green,33,local,2019,129000,1,red
361,Dylan Schmidt,35,phone,2022,152000,1,red
362,Cameron Gonzales,48,online,2020,84000,2,green
363,Maximus Hoffman,38,online,2021,103000,1,white
364,Ella James,39,local,2023,90000,4,red
365,Camila Duncan,46,phone,2018,94000,2,orange
366,Landon Perry,29,local,2019,69000,2,black
367,Tiana Watts,37,local,2019,39000,1,green
368,Phil McCarthy,47,local,2019,57000,4,black
369,Jon Burnett,56,online,2023,95000,1,orange
370,Montgomery Russell,52,local,2018,82000,2,black
371,Poppy Hardy,35,local,2020,128000,2,black
372,Sebastian Clay,40,local,2023,97000,1,blue
373,Lennox Bean,30,local,2022,108000,6,purple
374,Maren Flores,55,local,2018,76000,2,white
375,Connor Pitts,52,local,2021,85000,4,green
376,Matthew Ramos,44,phone,2023,82000,1,purple
377,Jacob Taylor,49,online,2019,129000,3,green
378,Emily Wilson,28,local,2018,75000,1,orange
379,Andrew Sloan,37,local,2019,171000,1,orange
380,Hadassah Wells,27,local,2018,100000,2,orange
381,Matty Reynolds,47,local,2018,114000,4,blue
382,Aiden Kramer,37,local,2023,77000,2,blue
383,Hacksaw Smith,22,online,2021,117000,3,blue
384,Skylar Young,31,online,2019,58000,4,orange
385,Kody Meyers,50,online,2020,98000,3,red
386,Haylee Warren,35,local,2018,101000,1,blue
387,Ethan Kerr,46,local,2023,122000,2,red
388,Laurence Jones,75,online,2023,84000,2,blue
389,Janiyah McCall,50,online,2019,75000,2,purple
390,Hana Davis,49,local,2023,85000,1,blue
391,Jacob Chandler,36,local,2022,91000,2,red
392,Aiden Andersen,43,local,2018,81000,2,yellow
393,Simon Cohen,26,phone,2023,147000,1,red
394,Aiden Sorensen,44,online,2020,87000,1,green
395,Ruth McDaniel,47,local,2022,75000,1,blue
396,Maci Moore,41,online,2018,389000,2,orange
397,Sean Meyer,41,local,2022,127000,3,yellow
398,Mira Hood,33,online,2018,105000,2,white
399,Avery Grant,44,phone,2022,83000,5,green
400,Nola Joseph,42,local,2019,105000,3,black
401,Noah Porter,49,local,2023,75000,3,green
402,Zachary Washington,30,online,2018,80000,1,blue
403,Jessie Anthony,32,local,2019,128000,2,red
404,Jacob Hayes,43,local,2023,74000,2,blue
405,Edgar Mueller,37,local,2019,110000,3,red
406,Sierra Blackwell,30,phone,2023,91000,1,red
407,Aria Walls,43,local,2023,92000,1,red
408,Genesis Baker,45,local,2023,62000,1,blue
409,Eleanor Cline,47,local,2019,48000,3,orange
410,Martin Ross,42,local,2020,80000,1,purple
411,Finley Martinez,23,online,2023,126000,3,red
412,Zaylee Davis,31,local,2023,91000,1,green
413,Austin Ramos,47,phone,2023,87000,2,blue
414,Samantha Brady,34,local,2023,191000,2,orange
415,Claire Hayes,34,local,2023,119000,1,green
416,Anthony Reyes,39,local,2018,89000,2,orange
417,Taylor Goodwin,50,local,2020,111000,1,red
418,Zara Heath,50,online,2018,108000,1,red
419,Robin Sims,19,online,2021,97000,2,black
420,Alexa Mendoza,32,online,2020,111000,10,blue
421,Arianna Hodges,49,local,2022,111000,5,black
422,Jolene Collins,43,local,2023,94000,1,orange
423,Naomi Olsen,33,online,2021,118000,4,blue
424,Crystal Cruz,42,local,2018,114000,2,red
425,Clara Montgomery,34,online,2023,113000,2,red
426,Jeremiah Gibbs,44,local,2020,163000,1,red
427,Malaya Shaw,37,local,2023,64000,4,black
428,Patrick Bryan,44,local,2020,108000,3,blue
429,Winter Holland,40,online,2018,103000,2,orange
430,Zaria Peters,41,local,2020,114000,2,black
431,Noah Collins,38,local,2020,109000,2,red
432,Harvey Johnson,44,local,2023,101000,2,white
433,Madison Paul,41,online,2019,98000,4,green
434,Paul Hodge,43,online,2018,192000,6,white
435,Zachary Gonzalez,42,online,2022,124000,1,blue
436,Adelyn Sloan,25,local,2022,273000,4,red
437,Savanna Smith,38,local,2023,83000,2,black
438,Gregory Watson,30,local,2023,194000,1,black
439,Ava Blackwell,29,online,2021,65000,3,red
440,Tiana Lawrence,29,local,2018,67000,1,blue
441,Eli Livingston,32,local,2023,118000,1,black
442,Emerson Ford,28,online,2023,113000,1,green
443,Porter Branch,35,local,2023,57000,2,yellow
444,Adeline Bauer,41,online,2021,115000,4,orange
445,George Moses,25,phone,2023,82000,1,black
446,Kenna Gray,33,local,2019,129000,1,red
447,Saoirse Willis,38,phone,2023,129000,1,blue
448,Sunny Cook,41,phone,2020,95000,2,black
449,Adeline Huff,25,local,2019,62000,1,blue
450,Harper Hodges,32,local,2023,78000,2,black
451,Naya Torres,54,local,2021,51000,4,green
452,Christian Newman,37,phone,2023,189000,2,red
453,Ashley Shelton,35,local,2018,99000,3,orange
454,Malani Garza,45,local,2022,45000,2,blue
455,Andrew Williams,45,local,2023,89000,3,black
456,Kairi Stevens,56,local,2020,88000,4,orange
457,Kingston King,33,local,2021,88000,2,white
458,King Christian,41,local,2022,121000,1,blue
459,Isabella Morris,37,online,2018,88000,4,yellow
460,Daniel Hayes,51,online,2023,35000,1,blue
461,Juliana Henry,49,local,2023,51000,2,yellow
462,Chandler Gonzalez,56,local,2020,76000,1,black
463,Burton Ortiz,23,online,2023,115000,2,orange
464,Gia Moody,37,local,2019,57000,2,green
465,Kinsley Williams,36,local,2018,96000,1,red
466,Connor Brock,50,local,2023,188000,4,yellow
467,Dylan Navarro,27,online,2023,48000,3,white
468,Francesca Schmidt,52,local,2018,65000,1,orange
469,Angela Baldwin,40,local,2019,117000,4,red
470,Dave Terry,31,online,2023,64000,4,blue
471,Avianna Whitehead,23,local,2023,197000,2,yellow
472,Anthony Frank,22,local,2020,122000,1,red
473,Kenia Lee,44,local,2021,107000,1,white
474,Dylan Bell,36,online,2021,188000,1,black
475,Levi Lindsey,70,online,2020,84000,4,blue
476,Remi Hunt,58,online,2021,177000,6,red
477,Allison Robinson,34,online,2020,90000,3,red
478,Whitney Gregory,33,local,2018,125000,4,white
479,Bryan Woods,29,local,2020,70000,2,black
480,Rylee Hernandez,52,local,2023,119000,4,orange
481,Scarlett Porter,39,online,2021,59000,1,blue
482,Aiden Tyler,48,local,2019,190000,4,black
483,Amaya Diaz,21,local,2023,86000,4,orange
484,Sophia Murray,23,local,2018,90000,3,orange
485,Levi Alexander,33,online,2022,64000,1,white
486,Luke Atkinson,43,phone,2020,67000,4,white
487,Dante Williams,28,phone,2023,112000,2,blue
488,Ivanna Pierce,41,local,2020,54000,3,red
489,Lilly Roy,41,local,2019,95000,3,red
490,Barbara Martin,39,local,2021,74000,2,black
491,Harleigh Simpson,41,local,2018,75000,7,black
492,Wyatt Davis,30,phone,2023,81000,1,red
493,John West,39,local,2018,92000,2,orange
494,Christopher Boone,43,local,2023,54000,1,white
495,John Brown,47,local,2020,114000,4,purple
496,Kailyn Lee,44,online,2019,63000,1,blue
497,Nalani Reynolds,40,local,2019,117000,4,orange
498,Emilee King,45,online,2023,130000,5,orange
499,Eve Bridges,44,local,2022,92000,2,purple
500,Zane Wells,51,online,2019,106000,3,purple
501,Kaylee Martin,55,online,2021,108000,2,blue
502,Adelynn Jimenez,37,online,2022,90000,1,black
503,Grayson Tyler,44,online,2023,123000,2,red
504,Amelia McDaniel,34,local,2019,85000,1,red
505,Aiden Prince,48,local,2022,170000,2,blue
506,Elizabeth Drake,22,local,2021,395000,1,yellow
507,Matthew Boyd,36,local,2022,132000,3,red
508,John Gibson,31,phone,2021,70000,6,blue
509,Catherine Martinez,38,local,2023,115000,1,green
510,Itzel Lee,41,local,2023,82000,2,blue
511,Nicholas Edwards,44,online,2023,73000,2,blue
512,Jake Tate,43,local,2020,81000,3,red
513,Lucas Brown,51,online,2018,50000,1,red
514,Emmarie Wright,36,local,2018,69000,8,red
515,Grace Henderson,38,local,2021,130000,5,blue
516,Halle Campbell,37,online,2023,79000,2,black
517,Leah Kemp,29,local,2023,111000,4,black
518,Addyson Green,58,local,2020,90000,2,red
519,Morgan Barton,25,local,2020,172000,3,purple
520,Aurora Bartlett,46,local,2021,119000,4,green
521,Mila Sanchez,45,online,2020,58000,1,blue
522,Kara Park,39,local,2023,62000,4,orange
523,Elias Lowery,40,local,2018,85000,4,blue
524,Joey Livingston,44,online,2023,77000,2,blue
525,Kaiden Hammond,42,online,2021,87000,1,red
526,Michelle Neal,48,local,2023,130000,3,yellow
527,Tessa Mosley,42,local,2019,123000,3,red
528,Alma Hayes,47,local,2019,113000,2,red
529,Sofia Whitaker,35,phone,2020,84000,4,green
530,Jade Gonzalez,25,local,2023,96000,4,white
531,Harper Ellis,38,online,2020,87000,4,blue
532,Bortimer Murray,44,online,2018,175000,1,black
533,Bridget Gonzalez,34,online,2023,112000,1,white
534,Jon Ramirez,42,local,2019,95000,2,green
535,Evie Smith,39,local,2021,123000,1,green
536,Owen Garrison,28,local,2018,112000,2,orange
537,Mya Williams,41,local,2019,91000,4,red
538,Isaac Reeves,36,local,2019,117000,1,purple
539,Jameson Weeks,55,online,2018,124000,1,red
540,Nyla McKee,19,online,2023,114000,2,blue
541,Abigail Golden,50,local,2020,85000,1,orange
542,Valentina Armstrong,27,local,2022,70000,1,white
543,Sofia Cruz,47,online,2020,88000,2,red
544,Link Foster,37,phone,2019,41000,1,purple
545,Kaylee Lee,42,online,2023,88000,1,black
546,Lenny Fuller,36,local,2019,86000,3,orange
547,Matt Calhoun,28,local,2020,83000,1,white
548,Joshua Thomas,32,local,2022,113000,2,red
549,Dahlia Thompson,21,local,2023,71000,1,black
550,Evan Lopez,52,local,2018,100000,1,green
551,Amayah Gregory,40,online,2018,126000,4,red
552,Daniel Scott,53,local,2019,65000,5,red
553,Malaya Gomez,39,online,2020,76000,4,black
554,Gunner McBride,36,local,2023,103000,3,orange
555,Eric Smith,49,online,2019,64000,2,purple
556,Emmalynn Smith,47,local,2023,120000,3,black
557,Scarlett Reyes,30,local,2018,79000,3,blue
558,Kyra Steele,32,local,2020,128000,1,red
559,Lillian Barnett,46,local,2021,100000,4,orange
560,Summer Sanchez,28,online,2023,107000,1,purple
561,Aurora Bean,38,local,2021,106000,4,black
562,Hanna Hancock,39,online,2023,67000,4,blue
563,Chanel Woods,44,local,2021,80000,7,white
564,Kyleigh Wilcox,36,local,2023,60000,2,red
565,Trinity Nixon,35,local,2020,93000,4,green
566,Amaia Holmes,44,phone,2023,84000,1,red
567,Goofeth Rodriguez,43,local,2023,45000,1,orange
568,Johanna Bridges,50,online,2019,106000,2,black
569,Kali Nelson,33,local,2023,84000,2,blue
570,Sofia Swanson,39,local,2022,91000,3,blue
571,Kiara Jones,35,local,2018,85000,1,yellow
572,Sebastian Torres,25,local,2020,100000,2,blue
573,Ella Robinson,39,phone,2021,90000,2,black
574,Diana Lester,47,phone,2023,25000,1,green
575,Mikayla Rodriguez,57,local,2020,68000,4,orange
576,Aiden Parsons,45,online,2021,92000,1,red
577,Theo Alvarez,45,local,2018,62000,3,white
578,Sarah English,37,local,2023,50000,3,blue
579,Bryce Thompson,39,online,2018,53000,2,blue
580,Madilyn Peters,43,local,2023,123000,2,black
581,Ellie Sutton,44,online,2023,107000,1,red
582,Amelie Barnett,42,online,2022,86000,1,black
583,Lucas Pratt,30,local,2022,47000,4,black
584,Andrew Stone,45,local,2018,75000,2,black
585,Isabella Collins,36,online,2019,75000,1,red
586,Brent Blake,30,local,2021,50000,1,red
587,Adam Lowery,27,local,2023,45000,1,blue
588,Skylar Wilkinson,56,local,2021,69000,3,orange
589,Maya Torres,38,local,2020,79000,2,purple
590,Adrian Moody,28,online,2023,53000,3,blue
591,Monroe Rivera,45,online,2023,81000,4,blue
592,Isabella Hampton,50,local,2023,119000,1,blue
593,Sullivan Fitzgerald,53,local,2019,148000,1,white
594,Jolie Nakamura,38,local,2023,103000,1,red
595,Elina Baker,49,online,2023,52000,4,black
596,Carmen Cochran,49,local,2023,92000,4,black
597,John Lee,44,online,2018,63000,1,white
598,Chanel Pope,30,local,2020,121000,7,purple
599,Kenley Sanchez,43,local,2020,53000,4,green
600,Brendan Hernandez,42,online,2019,135000,2,yellow
601,Noah Sullivan,24,online,2020,84000,2,red
602,Christopher Rogers,35,local,2023,70000,1,black
603,Scout Garrison,37,local,2019,137000,2,orange
604,Dale Ortiz,38,online,2019,218000,1,yellow
605,Sofia Bond,47,online,2019,64000,2,black
606,Gavin Alvarez,40,local,2021,75000,4,black
607,Raven Larsen,40,local,2018,60000,1,red
608,Emmy Jimenez,27,local,2019,87000,4,blue
609,Mia Brown,30,online,2023,113000,1,green
610,Allison Oliver,39,online,2023,125000,1,green
611,Lara Tucker,36,local,2018,127000,4,green
612,Mila Morales,37,local,2023,110000,2,green
613,Bria Diaz,39,local,2023,128000,1,black
614,Theodore King,22,local,2019,108000,2,blue
615,Arianna LeBlanc,48,local,2021,38000,4,red
616,Edward Wright,39,local,2018,116000,1,yellow
617,Chuck Hernandez,40,phone,2023,101000,1,black
618,Aaron Price,55,online,2023,84000,4,red
619,Camila Weaver,44,online,2018,108000,2,red
620,Mia Sullivan,52,phone,2021,79000,2,red
621,Olivia Schneider,32,online,2021,89000,1,orange
622,Curtis Weber,24,local,2019,52000,2,green
623,Ella Baker,24,local,2019,121000,1,white
624,Eva Wallace,36,local,2023,87000,2,orange
625,Logan Heidfeld,48,local,2018,89000,1,red
626,Boston Stevenson,31,local,2023,103000,3,blue
627,Jacob Garrison,40,local,2019,84000,2,red
628,Grayson Lawrence,34,local,2018,104000,2,blue
629,Megan Sutton,55,local,2023,98000,1,blue
630,Yareli Conway,30,local,2018,112000,3,blue
631,Eleanor Sawyer,41,local,2018,101000,2,white
632,Rose Gonzalez,34,phone,2021,64000,2,blue
633,Bradley Rogers,39,online,2020,240000,2,orange
634,Jaylee Boyd,53,local,2020,85000,1,black
635,Piper Grimes,54,local,2019,89000,1,white
636,William Schroeder,46,online,2023,104000,2,yellow
637,Abigail Fox,34,local,2023,61000,1,black
638,C.J. Morgan,40,local,2023,123000,3,red
639,Nataly Powers,37,local,2023,101000,1,black
640,Mercy Lopez,41,local,2019,99000,4,black
641,Jack Romero,36,local,2019,207000,1,white
642,Dylan Stevenson,42,local,2020,126000,3,orange
643,Kiara Beasley,46,local,2023,74000,2,black
644,Giselle Mitchell,36,local,2022,101000,2,purple
645,Levi Shannon,50,local,2023,92000,2,orange
646,Penelope Malone,34,local,2018,111000,2,orange
647,Gabriel York,29,local,2019,113000,1,black
648,Sylvia Watson,46,local,2023,118000,2,orange
649,Penelope McDonald,49,local,2019,73000,2,red
650,Xiomara McGuire,51,local,2023,56000,2,black
651,Elijah French,37,local,2022,124000,1,green
652,Tucker Atkins,28,local,2018,118000,2,orange
653,Archie Weber,41,online,2018,97000,1,green
654,Lainey Riley,39,local,2023,130000,1,green
655,Harvey Walker,40,local,2023,65000,4,white
656,Emmaline Marshall,36,phone,2019,82000,3,yellow
657,Harmoni Gomez,34,local,2023,80000,2,orange
658,Renata Vasquez,33,local,2019,123000,1,blue
659,Jordy Stokes,62,phone,2023,125000,2,blue
660,Kingston Martinez,47,local,2018,93000,1,green
661,Steven Jennings,57,online,2019,239000,1,white
662,Genevieve Ramirez,28,online,2023,100000,1,black
663,Colby Lloyd,37,local,2022,115000,1,blue
664,Jessie Norman,21,online,2019,93000,1,blue
665,Wes Murray,46,local,2022,125000,2,orange
666,Noah Palmer,35,online,2021,67000,2,white
667,A.A. Hogan,25,online,2022,92000,1,blue
668,Emery Johnson,43,local,2020,69000,2,blue
669,Treasure Blankenship,54,phone,2023,67000,2,yellow
670,Elise Nelson,54,online,2023,71000,1,blue
671,Damian Collier,30,local,2018,101000,4,blue
672,Etta Stewart,36,phone,2023,100000,1,yellow
673,Leighton Carey,37,local,2019,113000,1,blue
674,Adeline Taylor,31,local,2023,94000,1,orange
675,Melanie Payne,47,local,2023,89000,2,blue
676,Melody Hernandez,38,online,2023,70000,3,blue
677,Frances Hunter,43,local,2021,81000,6,orange
678,Armani Owens,47,local,2023,68000,4,red
679,Bucky Perry,31,local,2019,72000,1,white
680,Thomas Flores,28,phone,2021,107000,2,green
681,Jesse Richardson,33,local,2022,79000,1,orange
682,Colt Miller,37,local,2020,105000,1,black
683,Jesse Murphy,26,local,2020,54000,4,green
684,Jacob Keith,35,local,2023,62000,4,blue
685,Anika Boyer,36,local,2023,101000,4,white
686,Phillip Fischer,26,local,2020,47000,2,red
687,Sylvie Sanchez,41,phone,2023,124000,2,black
688,Paisleigh Cook,49,online,2023,97000,4,black
689,Briella Green,33,local,2020,81000,2,green
690,Kawnner West,46,local,2023,91000,1,yellow
691,Ethan Hurst,27,online,2020,68000,4,black
692,Ella McDowell,55,local,2023,125000,1,blue
693,Ivy Lloyd,32,online,2022,112000,7,blue
694,Matthew McGuire,51,phone,2023,71000,2,blue
695,Lorelai Fitzgerald,36,phone,2023,92000,4,green
696,William Robinson,33,local,2020,113000,2,white
697,Erin Noble,58,phone,2023,103000,1,blue
698,Evelyn Osborne,45,online,2023,173000,1,orange
699,Arianna Diaz,37,local,2021,125000,4,purple
700,Noah Glass,37,local,2023,87000,4,green
701,Jack Hernandez,48,local,2022,103000,1,green
702,Aviana Harris,33,phone,2019,78000,1,orange
703,Claire Steele,38,local,2020,58000,4,green
704,Elijah Russell,45,phone,2023,115000,1,red
705,Linda Sanchez,37,local,2021,62000,2,red
706,Christopher Cox,38,local,2022,69000,1,green
707,Sebastian Garcia,36,local,2023,159000,5,green
708,Ella Walsh,35,online,2023,140000,4,black
709,Denver Frank,31,phone,2020,126000,1,black
710,Savannah Lyons,25,phone,2023,111000,2,green
711,Sloane Miller,55,local,2021,84000,3,orange
712,Arielle Evans,43,local,2018,114000,1,orange
713,Kiana Weiss,34,local,2020,98000,1,blue
714,Kassidy Weaver,35,local,2023,127000,1,purple
715,Marisol Armstrong,42,local,2023,71000,2,yellow
716,Cache Wilson,46,local,2023,122000,2,black
717,Edward Blake,41,local,2019,85000,4,blue
718,Harmoni Randall,37,local,2018,126000,1,red
719,Keyla Gomez,29,local,2021,81000,4,black
720,Jacob Flowers,44,local,2022,93000,3,yellow
721,Veda Hardy,38,phone,2022,115000,2,blue
722,Kelsey English,31,online,2023,75000,4,red
723,Hallie Lopez,41,local,2021,96000,2,blue
724,Abigail Garcia,48,local,2018,87000,9,black
725,Tanner Warren,39,local,2023,75000,4,orange
726,Braelynn Smith,46,local,2018,62000,1,white
727,Daniela Parker,48,local,2022,84000,2,white
728,Jett Miller,40,online,2023,50000,2,blue
729,Leia Mitchell,36,local,2021,93000,4,green
730,Freya Griffith,51,local,2019,58000,2,black
731,Kai Bates,39,local,2023,78000,6,black
732,Emberly Hogan,26,phone,2021,106000,1,red
733,Meilani Bush,54,local,2020,67000,4,white
734,Laura Gordon,32,local,2023,112000,4,red
735,Holden Golden,24,local,2020,97000,1,red
736,Blakely Anderson,47,online,2020,73000,1,yellow
737,Hudson Burke,43,online,2023,159000,4,orange
738,Chloe Bass,46,local,2023,124000,1,purple
739,Zainab Monroe,36,online,2019,84000,4,red
740,Peter White,39,online,2019,69000,1,green
741,Dominic Martinez,43,phone,2020,51000,1,red
742,Arianna Ramirez,44,local,2018,63000,3,red
743,Grayson Long,28,local,2023,142000,2,blue
744,Mason Johnson,38,local,2018,115000,2,blue
745,Marlee Smith,49,local,2023,45000,1,black
746,Ashley Gibbs,45,online,2023,121000,1,red
747,Russell Cook,23,local,2022,112000,2,purple
748,Eliza Lang,20,local,2023,63000,7,orange
749,Jesse Bradshaw,54,local,2021,128000,3,green
750,Mavis Rivera,54,online,2021,95000,4,white
751,Eleanor Simmons,27,local,2020,109000,3,blue
752,Harlee Meyer,44,online,2023,108000,3,purple
753,Noemi Gilbert,27,local,2019,126000,1,black
754,Esmeralda Bell,29,local,2021,60000,2,green
755,Francesca Hernandez,26,local,2023,73000,3,blue
756,Lyanna Moore,50,local,2023,113000,1,yellow
757,Dominic Edwards,50,phone,2020,113000,4,green
758,Leslie Cox,35,local,2023,96000,2,orange
759,Sullivan Blankenship,42,local,2023,112000,1,blue
760,Hazel Clayton,41,phone,2020,64000,4,red
761,Rex Chapman,34,local,2020,66000,4,orange
762,Emory Caldwell,30,phone,2018,89000,7,red
763,Olive Blackwell,50,online,2019,150000,4,black
764,James Long,42,online,2022,91000,4,purple
765,April Bartlett,33,local,2019,98000,1,red
766,Jacob Vega,39,online,2022,122000,2,black
767,Alexandria Murray,55,local,2022,70000,1,black
768,Janessa Kaminski,28,local,2018,71000,1,red
769,Marie Nowak,44,local,2023,103000,1,black
770,Ethan Becker,28,online,2021,50000,3,blue
771,Stella Gilbert,48,online,2018,120000,4,red
772,Anthony Beck,48,phone,2023,101000,1,yellow
773,Emily Jefferson,52,online,2019,105000,2,black
774,Saylor Edwards,36,local,2019,369000,3,blue
775,Rhett Thompson,41,local,2023,80000,4,blue
776,Rosalyn Robinson,26,local,2023,123000,1,purple
777,Lucas Richardson,40,local,2021,113000,1,orange
778,Logan Jenkins,31,online,2021,95000,1,white
779,Lucas Monroe,35,local,2018,91000,2,red
780,Nathan Freeman,25,local,2023,66000,2,black
781,Sebastian Leach,34,local,2023,124000,4,blue
782,Olivia Simpson,40,local,2021,72000,5,blue
783,Winston Farmer,30,local,2023,93000,2,yellow
784,Matt Rice,32,local,2021,95000,1,orange
785,Wynn Garza,43,local,2022,103000,6,orange
786,Bob Sanders,52,phone,2023,113000,3,white
787,Autumn Foster,25,local,2018,126000,2,blue
788,Eli Rice,57,local,2019,178000,4,green
789,Keily Flores,44,local,2021,47000,1,purple
790,Adeline Hubbard,41,online,2021,42000,2,black
791,Nancy Clayton,32,online,2020,129000,2,red
792,Madison Walter,24,local,2022,57000,4,purple
793,William McCoy,34,local,2018,254000,2,blue
794,Zoey Morse,43,local,2021,314000,2,orange
795,Owen Jefferson,29,phone,2018,66000,2,red
796,Carter Moreno,55,local,2022,130000,3,black
797,Paloma Wells,34,online,2018,98000,2,red
798,Aubree Jacobs,48,local,2023,95000,1,green
799,Clayton Casey,35,online,2023,73000,1,red
800,Mckenzie McDonald,18,local,2022,126000,1,yellow
801,A.J. Muller,49,local,2019,89000,4,green
802,Bristol Snow,36,online,2021,43000,2,blue
803,Zariah Johnson,33,local,2019,95000,2,red
804,Chloe Williams,41,local,2019,92000,1,yellow
805,Sienna Freeman,41,online,2018,84000,2,red
806,Nora Gaines,29,online,2021,113000,2,white
807,Emma Zimmerman,40,online,2019,98000,2,black
808,Kaylee Wallace,28,phone,2023,96000,1,red
809,Kayden Baker,45,local,2023,85000,6,red
810,Aylin Ramirez,23,local,2021,91000,1,blue
811,Maren Weiss,45,local,2022,207000,1,orange
812,Juliana Weeks,44,local,2021,96000,2,blue
813,Ryne Gonzalez,53,local,2019,68000,1,purple
814,Mike Jackson,48,phone,2023,75000,1,black
815,William Wilson,73,phone,2021,80000,4,black
816,Derwin Potter,41,local,2023,157000,1,green
817,Jada Lopez,52,local,2021,141000,1,purple
818,Victoria Wiley,49,local,2023,103000,3,yellow
819,John Roman,37,local,2018,81000,4,blue
820,Colton Brock,36,local,2021,102000,2,yellow
821,Rebecca Thompson,48,local,2020,106000,2,red
822,Ariana Wilkerson,44,local,2022,104000,1,yellow
823,Kyla Martinez,28,local,2018,86000,1,yellow
824,Mac Moran,39,online,2019,68000,2,red
825,Sierra Parker,29,phone,2023,82000,3,blue
826,Ethan Robinson,44,local,2020,64000,3,purple
827,Justin Lewis,26,local,2021,48000,1,green
828,Whitney Steele,47,local,2023,62000,2,white
829,Madison Spears,42,local,2021,165000,2,blue
830,Emersyn Gonzalez,23,local,2023,61000,4,yellow
831,Kora Anderson,34,local,2022,39000,3,red
832,Damien Hayes,34,local,2023,123000,1,orange
833,Malcolm Blevins,58,online,2020,65000,4,black
834,Lennon Evans,19,online,2020,104000,4,green
835,Presley Curry,49,online,2020,73000,1,orange
836,Madilynn Robinson,47,local,2022,57000,7,orange
837,Ivanna Leonard,48,local,2018,91000,2,red
838,Ronan Vasquez,45,local,2019,129000,3,red
839,Aria Sloan,32,local,2023,72000,1,black
840,Ryan Armstrong,59,local,2023,101000,2,blue
841,Lyra Shelton,36,local,2023,67000,4,green
842,Callie Johnson,28,local,2023,111000,2,blue
843,Milana Ramirez,42,online,2023,94000,1,blue
844,Ivy Schneider,44,local,2020,86000,2,red
845,Izabella Hartman,32,phone,2023,116000,2,green
846,Madelyn Brown,25,local,2021,78000,3,blue
847,Aurora Rodgers,37,online,2018,173000,2,red
848,Beck Austin,29,local,2022,100000,1,blue
849,Gary Allen,43,local,2023,119000,1,yellow
850,Abigail Collins,38,local,2018,65000,4,red
851,Azariah Sloan,43,local,2023,100000,4,red
852,Chloe Gray,44,local,2019,123000,1,orange
853,Rebekah Stephenson,35,local,2020,81000,1,orange
854,Jemma Alexander,29,local,2020,58000,2,blue
855,Evie Collins,33,local,2023,90000,2,green
856,Avery McKenzie,36,local,2018,88000,1,red
857,Jayde Brady,22,local,2019,95000,2,blue
858,Clayton Harrison,33,local,2020,99000,4,blue
859,Ryan Carpenter,51,local,2023,34000,3,black
860,Ryan Scott,24,online,2021,79000,2,orange
861,Brynn Peterson,21,online,2022,99000,2,blue
862,Ensley Abbott,36,local,2023,74000,2,red
863,Amber Kennedy,33,local,2020,121000,5,yellow
864,Carl Wood,49,online,2021,114000,1,blue
865,Addison Fisher,39,online,2020,71000,1,red
866,Ellis Carr,40,phone,2023,119000,4,blue
867,Mason Hogan,22,local,2023,82000,1,black
868,Amy Barnett,36,local,2022,121000,1,blue
869,Khloe Flores,47,local,2023,76000,1,green
870,Reyna Horton,41,local,2022,78000,3,red
871,Katherine Joseph,39,local,2018,88000,2,orange
872,Gabriel Palmer,46,online,2021,77000,4,orange
873,Michael Evans,45,local,2023,114000,2,purple
874,Dan Anderson,48,local,2018,99000,4,blue
875,Madeline Hensley,48,local,2022,130000,4,blue
876,Sophie Clark,22,local,2019,76000,2,black
877,Camila Baldwin,36,online,2023,89000,4,black
878,Kori Perry,47,online,2018,144000,4,blue
879,Chloe Bryant,36,online,2023,96000,6,green
880,Daniella Lang,18,online,2023,94000,1,blue
881,Diana Leach,50,online,2019,189000,1,orange
882,Samuel Cook,33,local,2021,40000,4,blue
883,Malaya Hunt,38,local,2023,114000,3,black
884,Sage Becker,40,online,2019,88000,2,black
885,Lillianna Conway,53,online,2022,94000,3,black
886,Violet Tanner,24,phone,2021,102000,2,red
887,Ivy Campbell,31,local,2023,106000,4,blue
888,Kaylani Lara,29,local,2018,113000,2,green
889,Owen Morrison,44,local,2018,95000,4,red
890,Ian Roman,51,local,2020,88000,1,blue
891,Hudson Carpenter,31,local,2019,89000,1,orange
892,Molly Hernandez,41,online,2023,113000,3,blue
893,Maia Ward,45,local,2018,110000,2,blue
894,Sofia Flores,39,online,2019,50000,1,blue
895,Elias Barnes,40,local,2022,115000,1,green
896,Blakely Hood,31,online,2021,93000,4,white
897,Levi Figueroa,40,local,2022,107000,1,black
898,Zainab Carlson,54,online,2018,113000,4,blue
899,August Kelly,24,online,2022,112000,4,orange
900,Ezra Robinson,35,local,2022,77000,4,green
901,Ailani Perez,49,local,2023,121000,1,blue
902,Stu Barnett,31,phone,2023,65000,4,purple
903,Christopher Keller,37,phone,2018,92000,1,orange
904,Lucas White,27,local,2020,154000,6,red
905,Everly Collins,42,phone,2018,115000,2,blue
906,Valentina Rivers,53,local,2018,102000,2,blue
907,Ellianna Carey,40,online,2021,82000,4,blue
908,Lucas Henry,40,local,2023,128000,1,purple
909,Camila Page,46,local,2023,178000,4,black
910,Jake Lang,43,local,2023,74000,1,blue
911,Jacob Stevens,32,phone,2023,41000,1,orange
912,Daniel Lee,27,local,2023,83000,2,purple
913,Giovanna Flores,38,local,2021,50000,2,green
914,Sophia Edwards,47,local,2023,76000,4,green
915,Axel Cruz,28,local,2023,122000,2,purple
916,Vivienne Cruz,41,local,2023,130000,4,purple
917,Wynn White,43,online,2018,62000,1,blue
918,Kennedy Stanley,36,local,2018,128000,1,red
919,Henley Stone,24,online,2023,93000,4,white
920,Mike Greer,39,local,2022,39000,4,red
921,Scarlett Murphy,37,local,2021,107000,1,red
922,Austyn James,43,online,2023,94000,3,black
923,Cora Dalton,52,local,2023,130000,3,green
924,Ella Price,38,local,2023,92000,1,blue
925,Mike Brewer,32,local,2020,104000,2,green
926,Annika Harmon,37,local,2022,166000,2,red
927,Preston Hammond,26,phone,2023,99000,1,red
928,Scarlett Parrish,55,online,2023,127000,1,orange
929,Wyatt Hernandez,56,online,2021,72000,1,black
930,Hayley Sharp,50,local,2020,109000,1,orange
931,David Hanson,41,online,2023,92000,2,blue
932,Brooklynn Mullins,41,local,2021,106000,1,green
933,Ray English,48,online,2019,73000,2,red
934,Denver Jones,35,local,2021,80000,2,blue
935,Adrianna Duncan,35,local,2023,86000,1,red
936,Parker Blevins,31,online,2023,99000,1,white
937,Gabriella King,56,local,2023,79000,1,black
938,Gianna Jensen,43,local,2021,47000,3,white
939,Eve Phillips,41,local,2023,102000,1,blue
940,Zoe Kowalski,33,local,2022,98000,2,red
941,Cara Washington,27,online,2020,106000,1,green
942,Mckenzie Johnson,46,online,2022,109000,2,white
943,Zander Randolph,30,online,2023,120000,3,green
944,Jeffrey Patterson,26,local,2019,94000,1,red
945,Braelyn Sanchez,40,online,2020,102000,4,black
946,Delilah Atkins,32,local,2022,101000,4,black
947,Wren Barrett,44,phone,2023,91000,1,black
948,Madelynn Reyes,56,online,2023,109000,6,yellow
949,Hadassah Moore,46,local,2023,84000,1,black
950,Ella Morales,31,online,2022,86000,4,blue
951,Rebecca Mueller,29,local,2020,46000,2,yellow
952,Phoebe Klein,29,online,2021,84000,4,red
953,Francis Benson,44,local,2023,113000,1,green
954,Dorothy Pace,41,phone,2023,188000,2,red
955,Skylar Wells,31,local,2020,49000,2,green
956,Collins Bowers,52,online,2023,57000,2,blue
957,Gabriella Alexander,40,local,2019,145000,4,red
958,Jaxon Sherman,38,local,2023,118000,2,red
959,Isla Rodgers,23,phone,2018,75000,4,black
960,Addyson Wiggins,39,online,2022,94000,1,blue
961,Aniya Daniels,46,online,2023,84000,4,green
962,Kairi Anderson,30,phone,2023,107000,3,white
963,Nylah Waters,37,local,2023,103000,4,red
964,Shelby Flores,38,online,2022,83000,4,yellow
965,Owen Rivera,35,local,2023,88000,4,white
966,Skyler Mason,38,local,2023,71000,8,blue
967,Allison Collins,38,online,2021,85000,1,black
968,Madilyn Hernandez,52,local,2023,88000,1,yellow
969,Mckenna Morgan,42,phone,2018,83000,2,blue
970,Avery Dyer,41,local,2021,110000,1,orange
971,Liv Davis,46,local,2023,95000,2,black
972,Dale Cross,39,phone,2021,81000,2,blue
973,Riley Gonzales,51,online,2021,106000,6,red
974,Miranda House,28,online,2023,60000,2,red
975,Daniel Washington,44,local,2021,103000,3,blue
976,Adalynn Wilkinson,47,online,2023,76000,1,blue
977,Emberly Schneider,32,local,2020,194000,2,black
978,Sophie Chapman,28,local,2023,114000,1,blue
979,R.C. Fowler,30,online,2021,85000,2,purple
980,Madeleine Evans,28,phone,2022,64000,1,blue
981,Isabela Burgess,39,local,2023,313000,1,black
982,Naomi Terry,29,phone,2022,114000,1,red
983,Andrew Mills,39,local,2023,113000,1,white
984,Lenny Allison,47,local,2021,117000,2,red
985,Ian Hernandez,33,phone,2023,65000,2,red
986,Ariana Sloan,36,local,2020,61000,2,blue
987,Emily Prince,31,online,2022,84000,3,red
988,Gregor Hernandez,29,online,2021,109000,1,white
989,Nathan Nicholson,46,local,2018,101000,2,black
990,Jessica Jordan,36,local,2020,52000,1,red
991,Hank Bush,47,local,2023,85000,4,white
992,Bentley Pearson,30,online,2018,102000,1,blue
993,Elizabeth Cochran,24,local,2022,71000,1,red
994,Lara Hoffman,57,online,2019,128000,2,blue
995,Aubrey Kim,25,phone,2023,111000,1,blue
996,Maya Kennedy,31,online,2023,70000,4,purple
997,Kinsley Anderson,39,local,2020,110000,2,orange
998,Walter Hanson,26,online,2023,127000,4,red
999,Lenny Nichols,45,local,2023,57000,2,black
1000,Elijah Rivera,53,local,2019,84000,3,blue
1001,Owen West,56,online,2023,84000,3,black
1002,Heidi Peterson,46,local,2019,71000,2,blue
1003,Bob Wilson,44,online,2023,56000,1,blue
1004,Titus Daniel,56,local,2019,115000,2,blue
1005,Ann Cummings,25,local,2020,85000,2,orange
1006,Mia LeBlanc,48,online,2020,116000,3,green
1007,Isaac Summers,47,local,2019,76000,1,blue
1008,Emma Jackson,50,local,2018,122000,2,black
1009,Sylvester Powell,55,online,2023,101000,6,blue
1010,Gabriella Chase,47,online,2020,89000,2,blue
1011,Violet Morales,21,online,2023,111000,4,black
1012,Houston Foster,49,local,2023,218000,4,black
1013,Landon Drake,40,online,2023,95000,9,green
1014,Charli Murray,37,local,2021,69000,4,black
1015,Zainab Hughes,50,local,2019,97000,2,red
1016,Autumn Byrd,34,local,2018,214000,2,black
1017,Monroe Hernandez,37,local,2023,102000,1,black
1018,Eve Adams,33,local,2022,170000,3,red
1019,Layla Rowe,40,online,2023,123000,1,blue
1020,Jackson Smith,35,online,2023,61000,4,purple
1021,Ethan Fischer,33,local,2023,104000,2,white
1022,Chelsea Frank,35,online,2022,45000,2,orange
1023,Emerie Swanson,47,local,2022,119000,4,white
1024,Milan Garcia,33,online,2021,118000,2,blue
1025,Wyatt Kennedy,28,local,2018,86000,4,black
1026,Judah Mathis,55,local,2021,135000,2,blue
1027,Baldur Richardson,54,online,2022,95000,1,orange
1028,Blair Lewis,48,online,2023,77000,2,orange
1029,Sky Murray,48,phone,2020,102000,4,orange
1030,Matthew Evans,22,local,2023,105000,6,yellow
1031,Curt West,31,local,2018,128000,2,orange
1032,Lucia Miller,33,local,2023,126000,4,green
1033,Zhavia Rivera,42,local,2018,129000,1,white
1034,Emma Dalton,42,local,2023,108000,1,blue
1035,Nora Schultz,38,online,2020,225000,2,yellow
1036,Skyler Reed,43,local,2021,98000,1,blue
1037,David Terry,50,phone,2019,119000,4,black
1038,Amiya Ortiz,55,phone,2019,118000,1,purple
1039,Keegan Arnold,40,local,2021,127000,4,white
1040,Skab Powell,35,local,2023,78000,2,white
1041,Olive Douglas,25,local,2023,107000,7,orange
1042,Remington Henry,39,local,2018,153000,1,yellow
1043,Adalyn Brown,46,local,2023,68000,3,yellow
1044,Shane Jones,24,local,2023,87000,1,green
1045,Carmen Martin,44,local,2021,180000,2,red
1046,David Shelton,34,online,2020,87000,3,white
1047,Jacob Schneider,47,local,2018,119000,2,black
1048,Finley Davis,32,online,2020,74000,1,orange
1049,Hazel Hines,37,local,2023,67000,2,blue
1050,Aria Holt,24,online,2023,99000,1,red
1051,Brielle King,44,online,2021,72000,1,blue
1052,Royal Bass,43,online,2019,120000,4,black
1053,Sophia Robinson,35,online,2018,105000,2,blue
1054,Lucas Eaton,31,local,2019,105000,1,black
1055,Isla Andrews,24,local,2020,120000,2,orange
1056,Emma Miller,45,online,2021,82000,1,red
1057,George Rice,30,local,2023,32000,2,red
1058,Eliana House,39,online,2023,47000,1,black
1059,Lucas Bauer,36,local,2023,129000,1,blue
1060,Elizabeth Wright,35,local,2022,67000,7,black
1061,Emmarie Hernandez,33,online,2021,102000,2,blue
1062,Brynn Meyer,35,online,2023,75000,1,red
1063,Wyatt Simmons,32,local,2018,57000,2,black
1064,Skylar Terry,29,local,2022,387000,3,orange
1065,Matthew Everett,29,local,2021,87000,9,blue
1066,Janiyah Garcia,48,online,2023,82000,4,orange
1067,Amirah Strong,41,phone,2022,51000,5,red
1068,Natalie Singleton,40,local,2023,69000,1,green
1069,Zariah Vance,23,local,2021,107000,1,black
1070,Brooklyn Norris,54,phone,2023,97000,2,black
1071,Doke Cohen,28,local,2023,46000,1,blue
1072,Amelia Montgomery,35,local,2018,66000,2,orange
1073,Madeline Paul,37,local,2023,113000,4,blue
1074,Rex Marshall,46,online,2020,75000,2,green
1075,Jade Bell,49,online,2019,122000,1,blue
1076,Caroline Gonzalez,53,online,2023,88000,2,blue
1077,Riley Murphy,49,local,2023,83000,1,blue
1078,Bria Ortiz,21,local,2020,60000,2,blue
1079,Harmoni Hall,54,local,2023,284000,1,orange
1080,Joshua Diaz,55,local,2023,93000,1,green
1081,Iker Lewis,44,local,2022,91000,1,white
1082,Oaklynn Bell,34,online,2019,93000,1,blue
1083,Aylin Flowers,45,phone,2023,107000,6,orange
1084,Harmoni Fletcher,27,online,2021,36000,1,blue
1085,Madison Warren,40,phone,2023,95000,4,blue
1086,Hazel Ortiz,36,online,2023,107000,1,green
1087,Jack Hayes,37,local,2022,110000,2,blue
1088,Dream Ramirez,37,local,2023,188000,2,white
1089,Ranger Lewis,35,local,2018,87000,4,yellow
1090,Isabel Hodges,46,local,2022,76000,4,red
1091,Sara Fischer,43,online,2023,124000,1,red
1092,Ryan Edwards,44,local,2019,167000,1,red
1093,Brooklyn lark,37,local,2018,93000,4,orange
1094,Apollo Martinez,51,online,2019,108000,2,blue
1095,Josephine McCall,38,local,2021,124000,1,green
1096,Sawyer Williams,40,online,2022,388000,1,blue
1097,Scout Taylor,34,local,2023,90000,4,black
1098,Beckett Gilmore,38,local,2020,71000,2,red
1099,Leilani Horn,46,online,2022,91000,1,blue
1100,Mia Hart,45,local,2023,104000,1,black
1101,Milena Fuller,36,local,2023,129000,3,blue
1102,Steven Schneider,56,local,2020,60000,2,black
1103,Annabel Bell,29,local,2018,87000,4,yellow
1104,Kallie Lindsey,51,local,2018,98000,2,red
1105,Leanna Bean,27,online,2018,74000,1,white
1106,Leanna Hill,56,local,2023,88000,1,white
1107,Andrew Webster,39,phone,2022,110000,1,red
1108,Makenzie Ruiz,44,local,2022,67000,2,blue
1109,Rylan Torres,35,online,2023,96000,1,white
1110,David Mathews,55,online,2023,99000,2,blue
1111,Hannah Brooks,37,local,2019,128000,1,red
1112,David Jackson,26,local,2023,70000,1,red
1113,Laurel Young,26,local,2023,97000,3,purple
1114,Owen Howard,41,local,2021,113000,1,white
1115,Ariella Wheeler,53,local,2019,68000,1,green
1116,Christina Martinez,43,local,2018,129000,1,red
1117,Ariana Hess,46,local,2023,123000,3,red
1118,Logan Vega,41,local,2022,74000,2,black
1119,Noah Patrick,58,phone,2023,60000,2,yellow
1120,Levi Lane,22,local,2019,88000,4,black
1121,James Peterson,28,local,2019,183000,5,white
1122,Riley Nguyen,38,local,2022,109000,4,blue
1123,Emma Palmer,36,online,2019,75000,4,red
1124,Camden Schwartz,42,local,2023,83000,4,orange
1125,Kaia Lee,37,online,2023,103000,2,red
1126,Kailyn Dombrowski,29,local,2023,33000,4,red
1127,Natalie Allen,35,local,2021,83000,1,orange
1128,Veloceraptor Hardin,41,local,2021,196000,1,green
1129,Eloise Burke,36,local,2020,127000,4,yellow
1130,Edward Cooper,32,local,2022,103000,1,orange
1131,Jonas Williams,43,local,2023,127000,1,blue
1132,Astrid Wilkins,48,phone,2018,75000,2,yellow
1133,Ryan Green,49,online,2023,101000,1,orange
1134,Emma King,56,local,2018,92000,2,blue
1135,Ariya Ball,39,local,2021,98000,4,blue
1136,Warren Barnes,24,online,2021,102000,3,black
1137,Sofia Reed,25,local,2023,34000,1,black
1138,Kaylin Alexander,36,local,2023,122000,4,orange
1139,R.C. Pittman,56,local,2021,89000,1,blue
1140,Leila Bridges,55,local,2023,77000,2,blue
1141,Harper Gutierrez,43,phone,2023,100000,2,white
1142,Noah Beard,33,online,2018,100000,2,blue
1143,Alice Booth,43,local,2019,128000,1,yellow
1144,Joy Parker,47,local,2018,92000,4,yellow
1145,Josephine Ramsey,39,local,2018,79000,3,yellow
1146,William Jenkins,36,online,2023,86000,1,blue
1147,Nolan Fleming,39,local,2021,117000,1,green
1148,Ainsley Muller,54,local,2022,71000,3,orange
1149,Chanel Cole,31,phone,2023,97000,2,white
1150,Phoebe Lee,29,local,2023,111000,4,orange
1151,Gracelyn Perez,49,local,2018,110000,1,blue
1152,Lia Jordan,49,phone,2023,99000,4,orange
1153,Julianna Bond,48,local,2020,195000,4,blue
1154,Hayley Taylor,28,local,2023,103000,2,blue
1155,Sunny Henderson,45,phone,2018,76000,1,red
1156,Gael Thomas,42,online,2023,136000,2,blue
1157,Clint Moran,25,online,2021,101000,2,black
1158,Preston Wilson,41,local,2021,97000,2,blue
1159,Miah Andrews,45,phone,2021,76000,2,red
1160,Cash Myers,26,local,2023,82000,2,purple
1161,Della Benson,35,local,2020,104000,3,green
1162,Laurence Patel,46,local,2019,98000,2,white
1163,Paula Brown,36,local,2023,96000,1,white
1164,Andrew Malone,30,local,2023,117000,4,orange
1165,Easton Morales,44,local,2022,84000,2,green
1166,Kaylie Boyd,35,local,2019,65000,4,purple
1167,Tanner Garner,55,local,2019,88000,4,red
1168,Camila Barker,29,local,2018,122000,2,orange
1169,Madeline Foley,37,phone,2021,106000,2,red
1170,Clint Black,58,local,2023,85000,4,orange
1171,Pearl Ayers,30,local,2019,59000,1,black
1172,Keira White,22,local,2022,106000,4,orange
1173,Jaxon Hawkins,22,local,2018,50000,2,red
1174,Lincoln Rogers,29,local,2021,96000,3,black
1175,Aislinn Cooper,48,local,2019,60000,1,white
1176,Danny Pope,24,phone,2023,109000,2,green
1177,Charles Quinn,41,local,2018,143000,1,orange
1178,Nathalie Ford,37,online,2022,86000,2,yellow
1179,Theo Diaz,32,local,2023,122000,2,purple
1180,Delilah Barker,43,phone,2023,177000,3,yellow
1181,Clark Jordan,21,online,2023,307000,1,black
1182,Nalani Terry,58,online,2020,114000,2,purple
1183,Luke Little,49,local,2023,66000,2,red
1184,Jacob Gordon,39,local,2020,165000,1,black
1185,Spencer Spencer,34,local,2019,121000,1,black
1186,Lillian Cooper,23,online,2022,89000,1,white
1187,Justin Wilson,32,phone,2023,78000,8,black
1188,Jacob Davidson,46,local,2018,74000,2,green
1189,Ethan Matthews,31,online,2019,79000,1,orange
1190,Ian Flores,46,local,2023,85000,1,blue
1191,A.C. Scott,39,local,2021,25000,1,red
1192,Presley Wright,43,local,2022,57000,2,red
1193,Sarah Holland,18,phone,2019,116000,4,green
1194,Charlotte Sorensen,37,online,2018,82000,2,green
1195,Emma Vasquez,43,local,2021,89000,2,orange
1196,Arthur Howell,37,local,2020,138000,2,black
1197,Virginia Rogers,45,local,2023,51000,1,black
1198,Lorelai Horn,38,online,2023,120000,1,orange
1199,Noelle Rivera,34,local,2019,39000,4,black
1200,Kinsley Rush,32,local,2018,64000,4,orange
1201,Harper Patel,55,local,2023,73000,1,green
1202,Carly Martinez,40,local,2023,103000,1,blue
1203,Ariana Hayes,34,local,2019,64000,2,white
1204,Skylar White,38,local,2023,120000,1,green
1205,Alan Watanabe,30,local,2023,130000,3,red
1206,Leah Richardson,37,phone,2023,113000,2,black
1207,Thea Robertson,53,local,2019,102000,4,white
1208,Dan Gallagher,44,local,2020,103000,2,blue
1209,Annie Young,41,local,2023,86000,5,orange
1210,Bennett Jacobs,29,local,2020,64000,3,black
1211,A.C. Tucker,55,local,2019,62000,1,white
1212,Francesca Moses,24,online,2020,94000,2,blue
1213,Tenley Sanchez,50,online,2021,68000,4,orange
1214,Valentina Gates,41,online,2018,108000,3,blue
1215,Kyra Dawson,31,local,2023,124000,1,white
1216,Greg Griffith,43,local,2020,66000,2,blue
1217,Grace Stone,48,online,2023,83000,1,blue
1218,Kelly Garcia,40,local,2019,100000,2,blue
1219,Scarlette Flores,49,local,2020,92000,3,red
1220,Zachary Morales,30,local,2020,93000,3,black
1221,Raquel Garcia,41,local,2023,144000,3,blue
1222,Erica Gutierrez,36,local,2020,118000,3,blue
1223,Ryan Martin,50,local,2020,107000,3,blue
1224,Madalynn Weber,24,local,2023,115000,1,black
1225,Aria Everett,27,local,2020,109000,1,blue
1226,Abigail Chandler,22,phone,2021,129000,3,purple
1227,Audrey Bryant,39,local,2020,118000,2,blue
1228,Caroline Taylor,38,local,2018,87000,2,purple
1229,Finley Morales,41,online,2019,100000,4,blue
1230,Isaiah Carlson,42,local,2023,99000,4,blue
1231,Luke Bryant,43,local,2021,85000,1,orange
1232,Blair Mills,20,local,2018,114000,4,blue
1233,Wyatt Douglas,33,online,2023,127000,2,green
1234,Jessie Vega,32,online,2023,78000,2,black
1235,Stella Baxter,44,local,2018,75000,1,green
1236,Montgomery Washington,28,local,2022,86000,1,white
1237,James Hernandez,33,online,2018,128000,2,red
1238,Jacob Bell,40,online,2019,62000,2,white
1239,Violeta Joseph,39,local,2021,52000,1,yellow
1240,Christopher Rivera,54,phone,2023,123000,3,red
1241,Celine Fuller,45,phone,2023,109000,4,blue
1242,Hammerfoe Owens,27,local,2023,93000,2,yellow
1243,Cole Fleming,49,online,2021,61000,4,red
1244,Propecia Young,51,local,2023,114000,1,yellow
1245,Avalyn Short,43,local,2023,67000,1,orange
1246,Mason Taylor,22,local,2023,72000,2,red
1247,Colten Romero,33,local,2019,246000,1,black
1248,Giuliana Moore,32,local,2019,69000,2,blue
1249,Jacob McCarthy,50,phone,2021,47000,2,white
1250,Amayah Hayes,37,local,2019,95000,4,blue
1251,Alessia Fowler,52,local,2022,311000,7,red
1252,Devin Charles,47,local,2023,184000,1,blue
1253,Brexit Norris,41,local,2018,75000,2,red
1254,Brett McKinney,36,online,2021,110000,4,red
1255,Madeline Heath,34,local,2018,155000,1,black
1256,Landry Reed,37,online,2018,87000,4,red
1257,Austin Lopez,26,online,2023,86000,4,red
1258,Julissa Baker,25,phone,2023,108000,1,red
1259,Benjamin Garcia,29,phone,2018,90000,1,red
1260,Addilyn Sexton,36,local,2018,108000,2,blue
1261,King Randall,38,local,2023,129000,1,red
1262,Harlee Swanson,54,online,2022,67000,2,blue
1263,Emersyn Gonzalez,58,local,2023,92000,1,black
1264,Everly Lucas,30,online,2018,64000,1,yellow
1265,Veda King,29,online,2021,103000,2,blue
1266,Lola Morales,28,phone,2020,60000,1,blue
1267,Samuel Atkins,47,online,2023,49000,7,white
1268,Elena Powell,51,local,2021,88000,5,green
1269,Anastasia Powell,40,local,2023,99000,2,blue
1270,Valerie Wheeler,29,local,2019,52000,1,green
1271,Piper Oliver,40,local,2023,94000,1,blue
1272,Mason Woodard,36,online,2021,31000,4,blue
1273,Jenna Schwartz,54,online,2021,46000,5,orange
1274,Rachel Woods,23,local,2023,99000,1,white
1275,Marissa Walters,52,phone,2023,74000,4,red
1276,Chloe Cruz,26,local,2020,90000,1,white
1277,Emerson Turner,45,local,2023,96000,2,red
1278,Ella Suzuki,30,local,2018,106000,2,white
1279,Nate Gallagher,37,local,2018,84000,1,red
1280,Avery Lang,34,local,2018,100000,2,yellow
1281,B.J. Gray,53,local,2022,128000,1,blue
1282,Camille Heidfeld,25,local,2023,81000,2,orange
1283,Harmoni Burnett,40,local,2020,84000,4,red
1284,Avery Mason,48,phone,2019,80000,2,yellow
1285,Levi Yamada,32,local,2022,97000,2,orange
1286,Kate Porter,51,online,2023,91000,1,blue
1287,Madison Armstrong,36,local,2019,88000,1,red
1288,Maleah Nelson,27,local,2021,74000,2,blue
1289,James Brooks,52,phone,2019,168000,4,orange
1290,Skylar Gonzalez,26,phone,2021,45000,1,orange
1291,Eli Gray,45,local,2022,69000,1,red
1292,Kaiden Garcia,45,online,2023,83000,4,red
1293,Carly Hamilton,32,local,2022,56000,1,white
1294,Gwendolyn Watkins,44,local,2018,88000,1,black
1295,Destiny Romero,35,local,2023,116000,2,black
1296,Hank Silva,38,local,2021,397000,2,red
1297,Skylar Jordan,39,local,2018,129000,2,black
1298,Bella Humphrey,26,local,2018,46000,1,black
1299,Ava Mills,46,local,2023,318000,1,green
1300,Ramona Flores,43,phone,2023,81000,1,red
1301,Carter Skinner,33,local,2023,257000,1,blue
1302,Lydia Jones,22,local,2023,72000,1,orange
1303,Zainab Gonzalez,38,phone,2021,101000,4,orange
1304,Derwin Walsh,47,local,2020,116000,1,red
1305,Adelina Walters,47,online,2021,94000,2,green
1306,Benjamin Robertson,38,local,2021,93000,2,orange
1307,Logan Diaz,57,local,2021,178000,4,purple
1308,Rowan Nelson,50,online,2023,93000,4,blue
1309,Maren McBride,38,local,2018,90000,2,red
1310,Summer Smith,42,online,2021,356000,5,purple
1311,Esther Franklin,40,local,2018,84000,4,black
1312,Shiloh Douglas,45,local,2021,74000,2,yellow
1313,Alani Lynch,33,online,2022,114000,4,orange
1314,Leslie Hunter,48,online,2020,90000,2,green
1315,Annalee Walker,29,local,2023,99000,2,orange
1316,Sadie Dennis,42,phone,2021,163000,1,red
1317,Thomas Bell,56,local,2023,87000,2,red
1318,Nevaeh Craig,18,local,2019,53000,7,blue
1319,Leanna Mann,49,phone,2023,119000,2,red
1320,Silas Palmer,52,local,2020,114000,4,orange
1321,Etta Graves,29,online,2022,47000,1,red
1322,David Larsen,40,online,2023,234000,4,red
1323,Neil Garcia,34,local,2022,72000,5,blue
1324,T.J. Rivera,35,local,2019,128000,3,purple
1325,Avery Owens,48,local,2023,110000,6,blue
1326,Haven Mitchell,38,local,2022,63000,4,blue
1327,Sam Dodson,50,local,2020,59000,1,purple
1328,Elaina Jones,51,online,2019,115000,2,red
1329,Aria Tucker,32,phone,2023,78000,1,blue
1330,Greta Shelton,38,phone,2020,123000,1,red
1331,Max Diaz,55,local,2023,117000,4,white
1332,Ariah Mathews,49,local,2021,58000,2,red
1333,Sofia Gomez,31,local,2021,125000,2,purple
1334,Kailani Ramirez,39,local,2020,60000,1,blue
1335,Esperanza Joseph,36,online,2019,102000,4,blue
1336,Abel Gray,54,local,2018,50000,2,black
1337,Eli Brown,54,local,2022,378000,2,blue
1338,David White,52,online,2020,90000,1,orange
1339,Jaxon O'Neal,26,local,2020,186000,2,orange
1340,Aviana McClain,57,local,2022,109000,4,blue
1341,Avery Phelps,40,local,2020,89000,2,white
1342,Alexandria Mack,21,online,2019,113000,1,green
1343,Lexie Miles,40,online,2021,68000,3,white
1344,Ramona Patrick,38,local,2020,102000,1,red
1345,Amara Lynch,50,local,2018,130000,2,red
1346,Joanna Cox,36,online,2019,173000,1,red
1347,Eva Francis,39,online,2023,108000,1,blue
1348,Samantha Long,34,phone,2020,121000,2,black
1349,Ella Pugh,33,online,2023,396000,1,red
1350,Hattie Kirk,34,local,2023,120000,2,orange
1351,Arden Nash,27,local,2023,112000,1,black
1352,Braelynn Henderson,47,local,2020,113000,1,orange
1353,Card Schmidt,26,local,2019,123000,3,blue
1354,Ximena Griffin,39,local,2023,116000,1,green
1355,Miles Callahan,50,online,2020,25000,1,red
1356,Sadie Bell,43,local,2023,60000,4,white
1357,Gabriel Gonzales,55,local,2023,94000,2,white
1358,Kathleen Briggs,35,local,2020,87000,2,red
1359,Christian Massey,32,local,2020,113000,3,orange
1360,Sutton Powers,34,phone,2021,67000,4,orange
1361,Kara Merritt,49,local,2023,82000,2,yellow
1362,Raymond Gutierrez,38,online,2023,125000,2,blue
1363,Alani Larsen,44,local,2023,99000,3,white
1364,Thomas Wilson,24,phone,2023,87000,1,red
1365,Kelsey Thompson,31,local,2019,69000,2,orange
1366,Zane Johnson,57,local,2023,75000,3,orange
1367,Aitana Clayton,28,online,2023,78000,1,green
1368,Jeremiah Rodriguez,31,local,2021,59000,1,blue
1369,Camryn Frank,43,local,2019,118000,4,green
1370,Gianna Melton,37,local,2018,74000,4,purple
1371,Karter Tate,51,online,2021,122000,4,yellow
1372,Lilith Hill,34,local,2023,187000,1,white
1373,Brian Durham,22,phone,2018,114000,6,blue
1374,Francis Wagner,48,online,2022,96000,2,red
1375,Jackson Beard,33,online,2023,112000,2,orange
1376,Raelynn McGuire,39,local,2018,45000,3,blue
1377,Lia Nguyen,40,local,2023,76000,1,white
1378,Adalee Murphy,33,local,2018,103000,4,orange
1379,Nyla Evans,44,online,2018,96000,2,yellow
1380,Lana Ware,39,online,2018,106000,2,orange
1381,Harper Long,50,local,2022,125000,7,red
1382,Byron Flores,36,online,2020,123000,2,white
1383,Princess Rodriguez,53,local,2023,100000,2,blue
1384,Roselyn Diaz,30,phone,2020,224000,3,black
1385,Kaiden Moore,53,local,2019,118000,2,black
1386,Zoogle Jones,43,local,2021,82000,1,orange
1387,William Flores,20,local,2021,32000,4,blue
1388,Joselyn Cox,42,local,2023,101000,1,purple
1389,Luna Daniels,49,local,2020,73000,2,red
1390,Marianna Torres,37,online,2022,57000,2,red
1391,Melanie Huff,25,online,2019,67000,1,green
1392,Wyatt Hall,43,local,2022,101000,2,red
1393,Nathan Warren,36,online,2023,112000,2,black
1394,Johanna Simpson,42,local,2023,125000,2,white
1395,Maria Cannon,31,local,2023,71000,2,black
1396,Sebastian Nichols,32,online,2022,53000,2,red
1397,Anthony Neal,37,local,2023,80000,4,red
1398,Aiden Martin,23,local,2019,63000,2,red
1399,Kaiden Hopkins,55,local,2018,95000,4,white
1400,Mckenna Gibson,43,local,2023,119000,4,blue
1401,Chloe Edwards,29,local,2023,67000,1,blue
1402,Keyla Atkins,29,local,2019,91000,4,red
1403,Avery English,24,online,2022,87000,4,black
1404,Harper Norris,37,online,2020,120000,2,black
1405,Axel Saunders,46,online,2023,79000,2,red
1406,Lylah Miller,47,local,2022,81000,6,white
1407,Cassandra Hall,26,phone,2023,81000,1,blue
1408,Ainsley Diaz,50,online,2023,95000,4,green
1409,Kenley Oliver,36,local,2023,103000,1,white
1410,Logan Riley,42,online,2021,124000,4,red
1411,Rayne Watson,55,local,2018,59000,1,red
1412,Lindsey McCarthy,52,local,2022,93000,2,red
1413,Elena Osborne,23,phone,2019,61000,1,black
1414,Lana Carter,44,local,2021,90000,4,orange
1415,Henry Miller,39,local,2019,115000,1,blue
1416,Zoogle Barrett,48,online,2023,92000,4,blue
1417,Elsa Foley,20,local,2022,79000,3,blue
1418,Benjamin Robinson,50,local,2019,108000,2,black
1419,Maci Spears,32,local,2020,120000,3,green
1420,Madeline Austin,44,online,2023,115000,4,yellow
1421,Payton Reyes,46,local,2023,130000,4,black
1422,Alena Wright,30,online,2023,103000,4,blue
1423,Zach Saunders,31,local,2019,98000,1,orange
1424,Olive Anderson,41,local,2019,362000,2,orange
1425,Kairi Strickland,33,online,2023,121000,4,orange
1426,Allison Knox,28,local,2023,96000,4,blue
1427,Lincoln Hammond,34,local,2021,73000,1,black
1428,Dylan Reed,44,local,2019,150000,2,blue
1429,Walter West,50,online,2022,80000,1,green
1430,Meilani Garcia,50,online,2022,88000,4,white
1431,Jaylah Hess,27,online,2023,341000,1,orange
1432,Simone Gomez,45,phone,2023,94000,1,white
1433,Caleb Golden,36,local,2019,97000,1,black
1434,Allison Mathews,41,local,2023,78000,3,black
1435,Montgomery Holloway,25,phone,2022,73000,1,white
1436,Neil Butler,30,local,2023,117000,1,red
1437,Ben Weeks,50,online,2021,116000,2,orange
1438,Zedekiah Yates,45,online,2018,94000,4,green
1439,Daphne Wells,38,local,2022,71000,4,yellow
1440,Hazel Martinez,26,local,2020,62000,2,black
1441,Quinn White,32,online,2023,78000,4,blue
1442,Madison Jones,52,local,2018,69000,1,blue
1443,Lincoln Burns,51,local,2023,58000,1,orange
1444,Connor Crawford,40,local,2023,102000,2,blue
1445,Layla Pruitt,33,local,2023,126000,1,blue
1446,Alyssa Williams,37,local,2021,91000,3,red
1447,Colin Garcia,42,online,2022,91000,4,red
1448,Armani Holloway,47,local,2023,88000,2,black
1449,Mckenzie Flowers,37,local,2022,324000,2,green
1450,Tyler Shannon,38,local,2023,95000,1,green
1451,Aviana Rice,52,local,2018,62000,1,blue
1452,Ty Lopez,33,online,2023,115000,4,green
1453,Amirah Randolph,27,local,2021,90000,1,green
1454,Gabriel Ross,31,local,2023,85000,4,orange
1455,Sophia Stafford,32,phone,2023,96000,2,blue
1456,Emery Elliott,49,online,2023,58000,2,blue
1457,Alicia Allen,50,online,2023,46000,1,orange
1458,Roselyn Carr,42,local,2020,110000,3,blue
1459,Wyatt Wallace,51,local,2018,90000,4,blue
1460,Cassidy Wilson,36,online,2021,79000,2,red
1461,Grace Ford,31,local,2021,106000,1,purple
1462,Addyson Quinn,42,local,2020,68000,1,red
1463,William Livingston,43,local,2022,84000,1,red
1464,Esme Rivera,49,online,2023,81000,4,green
1465,Ava Thomas,22,local,2019,121000,2,green
1466,Layla Ruiz,33,local,2020,110000,1,white
1467,Harmoni Bates,31,local,2022,78000,1,orange
1468,Marissa Brown,42,local,2022,99000,4,green
1469,Dylan Leonard,49,online,2022,123000,2,orange
1470,Sebastian Gonzales,48,local,2019,105000,2,blue
1471,Kenley Parker,42,phone,2022,45000,2,orange
1472,Amber Ray,50,local,2023,92000,2,black
1473,Camille Jensen,28,local,2022,121000,1,blue
1474,Sam Morse,28,online,2021,80000,2,black
1475,Alicia Gardner,53,local,2018,58000,1,yellow
1476,River Reed,47,local,2021,80000,1,orange
1477,Dahlia Burke,53,phone,2019,110000,6,green
1478,Kaylani Taylor,35,local,2023,182000,1,orange
1479,Lydia Baxter,46,local,2023,113000,1,purple
1480,Hailey Brown,37,local,2023,111000,1,blue
1481,Giselle Hampton,40,online,2023,98000,2,blue
1482,Elena Jefferson,53,local,2018,105000,2,blue
1483,Esmeralda Crawford,29,local,2023,121000,2,red
1484,Russell Hill,37,online,2023,110000,2,red
1485,Leroy Greer,48,local,2023,93000,3,orange
1486,Alaina Reyes,49,local,2021,71000,5,black
1487,Sean McLaughlin,23,online,2023,84000,4,red
1488,Poppy Branch,38,local,2019,70000,1,blue
1489,Brooke Baker,47,local,2019,52000,2,red
1490,Annie Weber,40,phone,2019,77000,1,black
1491,Claire Perez,37,local,2018,184000,1,orange
1492,Nadia Frank,48,online,2023,128000,1,purple
1493,Raven O'Brien,30,online,2023,86000,1,blue
1494,Tyler Rivera,29,online,2018,291000,2,black
1495,Lennox Buchanan,44,local,2019,145000,3,blue
1496,Sophia Coleman,44,local,2023,107000,6,black
1497,Vienna Copeland,38,local,2020,91000,1,blue
1498,Callan Martinez,47,phone,2023,108000,9,red
1499,Zoe Rose,37,local,2021,27000,1,orange
1500,Madelyn Bullock,29,local,2021,288000,1,red
1501,Joel Ramos,19,local,2023,68000,2,blue
1502,T. Rex Bell,52,local,2020,64000,1,orange
1503,Stephanie Thompson,30,online,2023,123000,1,black
1504,Bentley Hayes,44,online,2019,390000,2,red
1505,Jordan Flynn,50,phone,2022,125000,2,black
1506,Rosalyn Miller,42,local,2019,123000,1,black
1507,Azaria Armstrong,44,online,2023,79000,4,red
1508,Dior Allen,34,local,2020,80000,2,red
1509,Charlotte Marshall,28,phone,2023,115000,1,red
1510,Arianna Long,58,local,2018,86000,1,blue
1511,Steven Mueller,26,local,2023,66000,2,yellow
1512,Lilianna Hill,42,local,2022,84000,1,white
1513,Gabriel Davis,36,local,2022,191000,4,red
1514,Tyrus Morris,28,local,2020,72000,2,white
1515,Clayton Torres,47,online,2019,155000,1,purple
1516,Liberty Owen,40,local,2020,97000,2,red
1517,Scarlett Howell,29,local,2018,339000,4,green
1518,Hailey Rice,47,local,2018,119000,4,yellow
1519,Ryan Gross,46,phone,2023,81000,2,blue
1520,Elina McCall,45,online,2023,61000,2,black
1521,Dallas Doyle,35,online,2018,58000,1,green
1522,Kailani Pratt,31,local,2021,97000,1,blue
1523,Ariana Richardson,22,local,2020,109000,2,red
1524,Ella Hernandez,33,local,2018,88000,4,red
1525,Thomas Riley,38,online,2022,96000,1,blue
1526,Isabella Brown,29,local,2019,45000,4,black
1527,Isaac Wolfe,45,online,2018,63000,2,black
1528,William Decker,36,online,2022,106000,2,purple
1529,Gianna Phelps,32,local,2023,117000,2,blue
1530,Mina Murray,26,online,2023,70000,1,red
1531,Cannon James,41,local,2020,95000,2,black
1532,Rylee Walter,34,local,2022,66000,2,black
1533,Kody Herring,50,local,2023,55000,1,orange
1534,Hans Martin,24,phone,2020,103000,1,orange
1535,Oscar Keith,30,phone,2023,97000,1,orange
1536,Weston Matthews,45,local,2018,94000,2,blue
1537,Mila Garcia,39,online,2021,74000,1,red
1538,Aaliyah Wright,41,local,2023,55000,4,blue
1539,Stokton Ferguson,32,online,2020,102000,1,white
1540,Austin Hodges,34,local,2018,98000,8,blue
1541,Kyra Holmes,34,local,2018,114000,5,orange
1542,Celine Freeman,37,local,2023,53000,3,orange
1543,Troy Stephens,47,local,2023,79000,3,blue
1544,Violeta Conley,47,local,2023,90000,1,orange
1545,Ella McCall,41,online,2018,55000,4,blue
1546,Owen Nielsen,39,local,2020,95000,3,black
1547,Mila Ryan,55,local,2023,108000,2,blue
1548,Milena Green,56,local,2018,102000,1,red
1549,Benjamin Lopez,44,local,2023,50000,4,red
1550,Emerie Snow,36,local,2023,124000,6,blue
1551,Claudia Elliott,23,local,2022,97000,3,green
1552,Emma Kim,46,local,2023,103000,2,green
1553,Holland Cruz,39,local,2023,98000,4,green
1554,Jayden Reid,24,local,2018,122000,4,green
1555,Amia Rodriguez,52,online,2018,187000,2,red
1556,Zoey Sorensen,42,local,2023,71000,1,white
1557,Nick Kirk,46,local,2018,89000,1,green
1558,Roselyn Hall,49,online,2023,107000,1,purple
1559,Anna Tyler,35,online,2020,128000,3,orange
1560,Curtis Waters,52,online,2020,76000,1,orange
1561,Brielle Nichols,32,online,2021,105000,1,red
1562,Parker Clark,46,local,2023,369000,1,orange
1563,Daniel Cooper,49,local,2023,142000,4,green
1564,Victoria Green,40,local,2022,117000,4,white
1565,Christian Torres,38,local,2023,112000,1,black
1566,Remington Lewis,47,local,2023,125000,1,orange
1567,Nora Lee,51,local,2019,259000,1,green
1568,Lucas Woods,44,online,2018,85000,5,blue
1569,Corey Dawson,46,local,2023,63000,2,red
1570,Rylan Ramsey,38,local,2020,81000,2,black
1571,Evan Lane,36,online,2023,89000,1,orange
1572,Rebekah Chase,31,local,2022,103000,2,purple
1573,Leroy Patel,28,online,2021,63000,4,red
1574,Jackson Fischer,45,online,2022,104000,1,black
1575,Sebastian Ortiz,31,local,2019,95000,2,red
1576,Nyla Hicks,38,local,2019,92000,2,green
1577,Harper Owens,51,local,2022,83000,2,red
1578,Elena Gonzales,24,local,2023,119000,2,red
1579,Ophelia Stewart,55,local,2023,92000,1,blue
1580,Esme Lloyd,23,online,2019,70000,1,green
1581,Robert Jackson,33,local,2023,108000,2,white
1582,Vanessa French,42,online,2023,120000,4,purple
1583,Isla Monroe,21,local,2023,127000,3,orange
1584,Yaretzi Manning,34,local,2018,90000,1,white
1585,Adelaide Bush,21,local,2023,96000,2,white
1586,Harvey Rivers,47,local,2023,71000,1,red
1587,John Lee,43,phone,2021,333000,4,green
1588,Remington Byrd,69,local,2021,78000,2,white
1589,Mike Larsen,30,local,2023,66000,4,black
1590,Anastasia Joseph,34,online,2023,66000,2,yellow
1591,Peyton Lara,54,local,2020,65000,1,white
1592,Mason Anderson,39,local,2023,66000,2,yellow
1593,Isla White,40,local,2019,118000,2,blue
1594,Tor Horton,27,local,2022,71000,1,orange
1595,Novalee Schmidt,56,local,2023,193000,3,blue
1596,Frida Carlson,31,local,2023,191000,1,black
1597,Frankie Dunn,45,local,2019,43000,4,blue
1598,Tanner Clay,37,online,2023,79000,5,red
1599,Briella Powers,33,online,2020,103000,2,black
1600,Piper Lyons,29,local,2020,90000,2,white
1601,Luciana Hancock,74,local,2022,103000,4,purple
1602,Amayah Gates,41,online,2020,99000,1,red
1603,Averie Black,51,phone,2022,114000,4,black
1604,Lennon Evans,40,local,2023,127000,2,yellow
1605,Samantha Perez,39,local,2022,65000,4,white
1606,Brooklynn Johnson,43,local,2020,116000,8,yellow
1607,Elsa Christensen,49,phone,2020,85000,1,green
1608,Helena Orr,43,local,2020,93000,2,black
1609,Aitana Little,40,local,2023,108000,10,blue
1610,Matthew Massey,40,local,2023,41000,4,orange
1611,Piper Sanchez,45,local,2023,319000,1,red
1612,Leo Lawrence,50,local,2023,61000,1,green
1613,Taylor Davidson,47,online,2018,76000,1,black
1614,Melina McBride,25,online,2018,129000,4,blue
1615,Abel Copeland,40,online,2023,118000,1,red
1616,Genesis Bradshaw,36,online,2023,149000,1,black
1617,Hailee Ramirez,31,online,2023,63000,1,orange
1618,Darrel Garcia,25,local,2021,99000,2,white
1619,Leah Meyers,51,local,2020,140000,2,blue
1620,Katherine Johnson,43,local,2018,99000,1,blue
1621,Thomas Hunt,40,local,2023,154000,1,green
1622,Kayden Montgomery,29,local,2020,129000,3,green
1623,Rex Nichols,36,local,2023,97000,4,red
1624,Jazlyn Boyd,36,local,2023,97000,1,black
1625,Avery Holmes,53,local,2020,123000,1,black
1626,Callan Henry,50,local,2023,95000,3,blue
1627,Neal Holloway,36,local,2023,102000,2,red
1628,D.J. Moses,34,local,2019,86000,2,green
1629,Shane Mitchell,51,phone,2019,125000,2,red
1630,April Maxwell,32,local,2019,76000,2,black
1631,Ingrid Abbott,45,local,2023,124000,2,orange
1632,Alan Vasquez,27,local,2023,301000,4,orange
1633,Briana Copeland,35,local,2022,91000,2,yellow
1634,Reid Stevenson,37,local,2018,115000,3,blue
1635,Clint Newton,42,online,2023,120000,3,blue
1636,Casey Callahan,43,phone,2023,143000,3,blue
1637,Kaylee Bradford,39,local,2023,32000,1,orange
1638,Riley Meyer,21,local,2020,64000,4,yellow
1639,Bailey Sparks,48,local,2020,344000,2,black
1640,Rosalie Watson,51,phone,2023,68000,2,red
1641,Shane Newton,48,local,2018,95000,2,white
1642,Shaun Gray,46,local,2023,122000,1,orange
1643,Joseph McCarthy,29,local,2021,58000,4,red
1644,Gage Jackson,37,local,2019,43000,2,red
1645,Paisley Kim,32,local,2023,111000,2,red
1646,Nalani Roy,49,online,2023,116000,1,purple
1647,Ethan Foley,30,local,2019,48000,3,purple
1648,Wyatt Garcia,44,phone,2020,80000,2,blue
1649,Peyton Flores,29,local,2023,87000,4,black
1650,Clara Fischer,42,local,2021,106000,4,blue
1651,Monroe White,54,local,2018,79000,1,red
1652,Corbin Peterson,50,local,2020,100000,1,green
1653,Andrew Bell,42,local,2020,82000,2,black
1654,Karen Bass,36,online,2023,98000,2,white
1655,Barton Morris,30,local,2023,84000,1,orange
1656,Dulce Page,44,local,2020,313000,4,blue
1657,Jackson Brock,49,online,2023,69000,2,black
1658,Yara Conner,40,online,2022,96000,1,black
1659,Samantha Kennedy,29,online,2022,80000,2,red
1660,Abel Winters,38,online,2023,116000,2,blue
1661,Colt Ray,45,local,2023,27000,4,orange
1662,Julianna Ortiz,36,local,2023,52000,2,orange
1663,Eden York,48,online,2023,42000,2,yellow
1664,April McCarthy,27,local,2020,102000,2,blue
1665,Aileen Frazier,51,online,2023,67000,8,orange
1666,Rick Abbott,43,phone,2022,127000,4,red
1667,Kassidy Kowalski,37,online,2023,83000,4,black
1668,Levi Hernandez,56,online,2023,125000,4,green
1669,Devin Foster,43,local,2023,107000,2,orange
1670,Lara Baker,34,local,2023,130000,4,orange
1671,Brittany Shelton,51,local,2021,150000,3,blue
1672,Ian Thompson,34,online,2020,119000,4,blue
1673,Bella Baker,25,local,2022,112000,2,green
1674,Jayden McLean,55,local,2023,93000,4,black
1675,Corey Chavez,36,local,2019,101000,4,red
1676,Gabriel Beck,41,local,2020,152000,1,purple
1677,Levi Burns,27,local,2020,110000,2,orange
1678,Leyla Edwards,33,local,2021,78000,1,red
1679,Selah Thomas,24,local,2020,355000,4,orange
1680,Barrett Brown,42,local,2019,124000,6,orange
1681,Logan Humphrey,29,online,2022,69000,1,red
1682,Charlotte Park,30,online,2023,60000,4,red
1683,Esther Vasquez,34,local,2023,114000,4,blue
1684,Natasha Marks,29,local,2019,87000,4,red
1685,Mavis Edwards,56,local,2023,114000,2,red
1686,Morgan Diaz,42,local,2023,115000,4,red
1687,Camila Melton,30,local,2020,81000,1,blue
1688,Elias Cruz,35,local,2023,56000,3,green
1689,Landon Wilson,38,phone,2020,75000,2,red
1690,Matt Miller,35,local,2020,71000,9,white
1691,Ben Silva,36,local,2020,92000,2,red
1692,Trevor Howard,49,local,2019,54000,1,red
1693,Annika Pearson,48,local,2018,82000,1,blue
1694,Nadia Hall,43,local,2018,65000,4,blue
1695,Judah Howell,26,phone,2020,50000,2,black
1696,Johnny Webb,44,phone,2021,94000,2,orange
1697,Harmon Taylor,43,online,2023,112000,2,blue
1698,Marvin Knox,45,online,2022,71000,2,blue
1699,Anna Diaz,43,local,2020,79000,2,white
1700,Alexander Livingston,26,online,2023,66000,3,blue
1701,Noah Gonzalez,34,online,2019,79000,2,green
1702,Nolan Harris,24,local,2021,122000,3,black
1703,Michael Garcia,49,online,2019,127000,2,black
1704,Taylor Nakamura,39,local,2022,77000,1,black
1705,Kimora Rodriguez,37,phone,2018,44000,3,black
1706,Hazel Miles,54,local,2023,352000,3,red
1707,Laurel Watkins,26,online,2019,92000,1,yellow
1708,Scarlett Ramirez,47,local,2022,101000,1,red
1709,Cara Torres,39,online,2023,35000,2,blue
1710,Amayah Jordan,52,local,2022,102000,2,blue
1711,Ethan Conner,50,local,2019,83000,2,blue
1712,April Martin,37,online,2022,110000,2,orange
1713,Haley Savage,39,local,2023,120000,2,green
1714,Isabella Rivera,34,online,2020,75000,3,orange
1715,Sariah Evans,29,online,2019,52000,3,red
1716,Ted Patel,53,local,2020,62000,4,white
1717,Corey Simpson,54,local,2020,81000,1,black
1718,Joy Miller,37,local,2023,90000,2,red
1719,Teagan Kelly,34,local,2023,71000,3,red
1720,Addilynn Foster,53,online,2021,104000,1,green
1721,Clark Porter,34,local,2022,134000,4,red
1722,Sophie Perez,27,local,2023,113000,2,blue
1723,Brandon Hammond,30,online,2020,105000,2,blue
1724,Royal Henderson,47,local,2023,107000,2,black
1725,Austin Flores,31,online,2023,119000,2,yellow
1726,Delilah Bush,48,online,2023,102000,8,blue
1727,Bridget Merritt,54,local,2019,73000,1,red
1728,Chloe Todd,34,local,2018,94000,4,blue
1729,Elaina Schultz,42,local,2018,106000,2,black
1730,Samantha Kramer,48,online,2018,95000,1,red
1731,Baldur Young,40,online,2023,382000,3,red
1732,Luna Ward,30,local,2023,97000,2,green
1733,Keily Cruz,48,local,2023,85000,3,blue
1734,Alaia Boyd,49,online,2020,104000,1,purple
1735,Mason Becker,37,local,2023,69000,1,black
1736,Reagan Moran,42,local,2020,184000,1,black
1737,Isaiah Diaz,42,phone,2023,105000,1,green
1738,Evoque Wright,54,online,2023,130000,2,green
1739,Isaac Marshall,40,online,2023,90000,4,black
1740,Sawyer Gonzalez,35,local,2023,101000,1,purple
1741,Wade Roberts,43,online,2019,115000,2,blue
1742,Emmaline Hodges,41,online,2021,116000,1,blue
1743,Matthew Beasley,38,phone,2023,127000,2,red
1744,Kelly Moran,23,phone,2018,99000,4,yellow
1745,Hudson Kelly,28,online,2020,74000,2,blue
1746,James Hurst,43,local,2018,109000,2,purple
1747,Daisy Hickman,43,phone,2022,98000,4,yellow
1748,Isabella Diaz,36,local,2023,56000,2,black
1749,Adelaide Lawrence,44,phone,2020,118000,1,orange
1750,Edith Boyd,29,local,2022,114000,4,black
1751,Olivia Jackson,53,phone,2023,81000,2,blue
1752,Mila Henderson,34,local,2023,85000,2,orange
1753,Kensley Taylor,23,phone,2019,162000,6,orange
1754,Eliana Hunt,34,online,2018,349000,4,red
1755,Joshua Ross,36,local,2020,116000,3,orange
1756,Penelope Simon,41,local,2023,29000,1,black
1757,Ezra Collins,51,local,2018,62000,3,orange
1758,Mason Hensley,48,local,2019,97000,2,red
1759,Lucas Curtis,34,online,2018,121000,2,orange
1760,Nicholas Wood,22,online,2022,109000,4,black
1761,Hammerfoe Lang,37,local,2019,108000,1,orange
1762,Dominic Olson,28,phone,2020,79000,4,red
1763,Quinn Beard,52,local,2023,119000,2,red
1764,Poppy Clark,48,local,2022,118000,2,white
1765,Elisa Stewart,40,online,2023,56000,2,green
1766,Luke Patterson,21,online,2023,79000,2,blue
1767,Belle Hernandez,30,local,2023,71000,4,orange
1768,Anthony Hayes,31,online,2020,175000,4,blue
1769,Aela Roy,18,online,2020,106000,3,blue
1770,Lauren Norman,27,local,2018,86000,3,yellow
1771,Madelynn Middleton,57,online,2022,64000,2,white
1772,Audrey Marshall,56,online,2023,89000,1,yellow
1773,Lucas Leonard,40,local,2023,80000,2,red
1774,Lacey Lawson,27,online,2021,89000,4,green
1775,Isabela Webb,54,online,2023,49000,4,red
1776,Emersyn Gordon,56,local,2023,100000,1,red
1777,Byron McGuire,51,phone,2023,97000,2,red
1778,Heidi Walker,37,phone,2019,101000,4,blue
1779,Isaiah Walsh,55,local,2022,93000,2,red
1780,James Gray,36,online,2021,96000,1,black
1781,Sebastian Henry,33,local,2022,115000,2,black
1782,Madalyn Livingston,36,phone,2023,102000,2,white
1783,Curtis Willis,41,local,2022,154000,2,green
1784,Vienna Short,24,online,2023,82000,1,orange
1785,Ashlynn Torres,57,local,2023,344000,2,purple
1786,Julieta McGee,51,local,2023,154000,1,black
1787,Barbara Bond,36,local,2023,62000,1,green
1788,Madelyn Blevins,46,local,2020,92000,1,orange
1789,Harleigh Gibson,37,local,2022,88000,1,orange
1790,Naya Torres,30,local,2020,114000,2,orange
1791,Remy Richardson,40,local,2018,96000,1,orange
1792,Henry Lawson,56,local,2018,61000,1,blue
1793,Ivanna Leonard,34,phone,2023,105000,4,green
1794,Zaniyah Morris,46,local,2018,336000,4,black
1795,Naya Higgins,46,phone,2023,72000,2,green
1796,Frida McCarthy,45,phone,2021,139000,2,green
1797,Eliana Vance,51,local,2020,80000,1,red
1798,Grayson Burns,29,local,2022,113000,2,black
1799,Julianna Boyer,46,phone,2022,114000,4,black
1800,Luke Knox,38,phone,2023,104000,4,black
1801,Casey Grant,41,local,2023,102000,1,red
1802,Kaylie Spencer,46,online,2023,84000,2,red
1803,Jesse Turner,22,online,2023,91000,1,blue
1804,Stella Wilson,24,local,2023,51000,2,red
1805,Amelia Knight,21,local,2023,189000,2,black
1806,Brinley Fleming,39,local,2023,103000,1,purple
1807,Lucas Wagner,53,online,2018,120000,2,red
1808,Charlotte Morton,39,online,2022,291000,2,purple
1809,Joel Reyes,42,online,2023,95000,4,blue
1810,Patricia Landry,23,local,2023,74000,4,blue
1811,Charlotte Hayes,35,local,2020,47000,3,black
1812,Henry Greene,44,local,2019,103000,1,red
1813,Ezekiel Martinez,50,local,2022,111000,4,green
1814,Emma Moore,36,phone,2020,94000,4,red
1815,Rosa Phillips,41,local,2023,107000,1,white
1816,Griffin Knight,42,local,2023,93000,1,black
1817,Andrew Fleming,48,phone,2018,123000,4,white
1818,Riley Dickerson,46,phone,2020,120000,2,red
1819,Aiden Roy,31,online,2022,169000,2,black
1820,Jay Underwood,39,local,2021,96000,2,blue
1821,Warren Barnett,41,local,2020,120000,2,purple
1822,Alanna Coleman,54,local,2022,89000,1,orange
1823,Annie King,39,local,2023,119000,5,purple
1824,Titus Jimenez,30,local,2021,121000,4,red
1825,Vivian Noble,28,phone,2021,117000,1,red
1826,Aniya Ray,29,online,2023,72000,4,red
1827,Silas Cobb,44,local,2022,246000,4,orange
1828,Ruby Orr,29,phone,2019,106000,1,red
1829,Milani Cook,30,online,2023,54000,2,black
1830,Annie Nelson,44,local,2023,127000,2,blue
1831,Eliana Burns,49,local,2023,74000,4,white
1832,Shane Ross,21,local,2019,118000,4,blue
1833,Han Meyer,33,local,2023,98000,1,yellow
1834,Adeline Conner,51,local,2022,83000,8,blue
1835,Cecelia Green,28,local,2021,121000,3,red
1836,Jarvis Silva,34,online,2023,121000,1,black
1837,Brandon Weeks,33,online,2020,129000,2,black
1838,Thomas Kemp,54,local,2023,45000,2,blue
1839,James Jackson,37,local,2021,59000,2,blue
1840,Colette McKenzie,38,phone,2020,150000,1,blue
1841,Maddox O'Brien,27,phone,2018,112000,4,blue
1842,Willow Gonzales,33,online,2023,93000,1,black
1843,Olivia Meyers,36,phone,2020,77000,1,blue
1844,Theo Lawrence,28,local,2023,73000,4,green
1845,Melissa Noble,49,online,2019,113000,2,orange
1846,Brody Perez,21,online,2020,108000,9,black
1847,Noah Sanchez,34,local,2018,63000,1,orange
1848,Edwin Whitaker,40,online,2023,86000,2,red
1849,Ace Owens,42,phone,2019,75000,4,orange
1850,Keily Cochran,41,local,2021,36000,2,purple
1851,William Foster,33,phone,2023,102000,2,red
1852,Luella Watson,38,local,2018,80000,1,red
1853,Heywood Morales,36,online,2023,49000,3,black
1854,Corbin Stafford,41,local,2021,122000,1,blue
1855,Nola Fletcher,37,online,2018,123000,1,black
1856,Patricia Ball,41,local,2021,123000,4,red
1857,Christian Johnson,37,online,2023,39000,4,orange
1858,Addison Romero,48,local,2021,81000,2,blue
1859,Aiden Powers,48,local,2022,107000,3,purple
1860,Ariyah Mack,35,local,2023,113000,1,black
1861,Nathan Bell,30,online,2018,121000,3,orange
1862,Isabella Morales,23,online,2023,118000,3,blue
1863,Owen Steele,48,local,2022,257000,4,blue
1864,Eli Bell,50,local,2023,119000,3,white
1865,Tyler Smith,34,phone,2023,53000,1,blue
1866,Victor Becker,21,phone,2022,116000,4,orange
1867,Madisyn Roberts,53,local,2023,88000,1,red
1868,Noa Jordan,29,local,2021,64000,3,blue
1869,Abigail Randolph,44,online,2018,94000,1,black
1870,Isaac Kim,27,local,2018,97000,1,red
1871,Titus Pugh,29,phone,2023,296000,3,green
1872,Joseph Callahan,25,local,2022,159000,2,black
1873,Kyle Hayes,46,local,2019,31000,3,green
1874,Alexander Rogers,41,local,2021,106000,2,blue
1875,Aileen McDaniel,44,online,2023,123000,3,yellow
1876,Charlotte Hernandez,32,local,2023,49000,1,blue
1877,Addilyn Griffith,36,local,2018,133000,2,white
1878,Caleb Griffin,22,local,2023,69000,2,white
1879,Joshua Collier,34,online,2020,128000,2,white
1880,Colton Castillo,38,local,2023,56000,1,yellow
1881,Daniel Morales,28,phone,2022,101000,7,blue
1882,Bortimer Fischer,39,local,2023,119000,5,white
1883,Rylee Woods,46,online,2018,87000,3,blue
1884,Guadalupe Foster,56,local,2021,57000,4,red
1885,Ryan Alexander,41,online,2021,98000,1,green
1886,Evelynn Cameron,50,online,2023,119000,1,blue
1887,Evelyn Ramos,52,online,2023,95000,4,blue
1888,Camila Henry,50,local,2023,67000,4,blue
1889,John Grant,38,local,2020,113000,4,red
1890,Beckett Barnes,53,online,2021,91000,1,blue
1891,Audrey Prince,42,online,2022,89000,2,red
1892,Scarlett Wheeler,26,local,2020,99000,1,orange
1893,Mike Barnes,46,local,2019,72000,4,orange
1894,Kelsey Hayes,52,local,2023,52000,1,blue
1895,Corinne Snyder,29,local,2022,68000,1,white
1896,Leanna Hicks,36,phone,2023,101000,4,green
1897,Melany Welch,45,local,2022,91000,1,orange
1898,Lauryn Patrick,56,online,2020,112000,7,yellow
1899,ClaraEmma Wilkerson,36,local,2023,103000,3,blue
1900,Opal Morse,36,local,2021,77000,2,red
1901,Jett Rogers,36,local,2023,98000,2,blue
1902,Jackson Hardin,45,local,2023,114000,1,red
1903,Clint Torres,26,online,2020,156000,2,black
1904,Matthew Sanchez,51,local,2018,95000,1,blue
1905,Jerry Hess,24,local,2021,93000,2,yellow
1906,Kennedy Everett,45,local,2021,110000,2,purple
1907,Luke Gibson,43,local,2023,167000,4,blue
1908,Joshua Simpson,40,online,2018,167000,2,blue
1909,Beatrice Thomas,38,local,2023,238000,2,red
1910,Jack Owen,31,local,2023,94000,3,red
1911,Alison Tanaka,23,local,2019,97000,4,red
1912,Chloe Williams,29,local,2021,100000,1,orange
1913,Genesis Davis,51,online,2023,83000,4,blue
1914,Leah Davis,45,online,2020,57000,4,blue
1915,Gabriela Jackson,29,online,2018,77000,4,blue
1916,Hazel Harris,48,online,2023,67000,1,blue
1917,Jeremiah Marsh,43,local,2023,107000,2,orange
1918,Brinley Pierce,40,online,2021,117000,2,blue
1919,Penelope Sanchez,45,local,2021,109000,1,red
1920,Lorelei Meyer,29,local,2020,83000,1,blue
1921,Owen Stevens,30,online,2018,107000,1,purple
1922,India Gonzalez,47,local,2022,328000,4,green
1923,Henley Martinez,49,phone,2023,116000,2,orange
1924,Ezra Watson,53,local,2021,52000,4,orange
1925,Zoe Mann,54,local,2019,96000,2,orange
1926,Isabella Henson,23,local,2023,99000,4,blue
1927,Avery Callahan,22,local,2023,69000,2,green
1928,Adonis Barron,43,local,2023,77000,4,orange
1929,Aaliyah Leonard,22,local,2023,118000,3,red
1930,Mike Dodson,23,local,2020,94000,1,red
1931,Novah Reyes,40,local,2018,111000,2,blue
1932,Alexander Johnson,39,local,2023,103000,1,white
1933,Ryan Murphy,28,online,2021,119000,4,red
1934,Rosalyn Moore,46,phone,2022,62000,1,orange
1935,Kensley Gonzalez,47,local,2020,105000,4,red
1936,Bennett Ward,42,online,2018,77000,1,orange
1937,Theodore Moreno,26,online,2020,77000,2,red
1938,Tyler Mueller,51,local,2018,127000,2,white
1939,Elaine Malone,41,local,2023,81000,4,green
1940,Opal Hernandez,30,online,2023,93000,1,blue
1941,Alora Becker,34,phone,2018,62000,4,purple
1942,Jacob Mueller,48,local,2021,25000,1,purple
1943,Sarah Hill,39,local,2023,121000,1,blue
1944,Adeline Lewis,26,local,2022,103000,3,blue
1945,A.J. Hopkins,31,local,2023,392000,2,blue
1946,Jacob Lopez,34,local,2023,82000,1,green
1947,Anna Carson,45,online,2020,96000,2,blue
1948,Vera Ortiz,30,local,2020,182000,2,blue
1949,Cameron Brown,52,local,2020,104000,1,white
1950,Alexa Ware,28,online,2023,174000,2,black
1951,David Malone,25,online,2023,117000,2,orange
1952,Raymond Montgomery,45,local,2023,82000,3,black
1953,Ensley Simpson,27,local,2022,97000,2,black
1954,Samuel Oliver,30,local,2020,238000,1,orange
1955,Montgomery Patterson,33,local,2023,81000,2,black
1956,Austin Booth,38,local,2021,66000,4,black
1957,Adeline Kim,37,phone,2023,119000,1,orange
1958,Judith Young,33,local,2021,116000,3,white
1959,Anaya Pruitt,44,online,2023,85000,3,red
1960,Aurelia Holt,23,local,2023,106000,6,blue
1961,Carter Dean,42,online,2023,74000,2,red
1962,Justin Moses,25,local,2018,27000,3,blue
1963,Teagan Lambert,43,local,2023,91000,4,blue
1964,Kiera Barton,51,online,2022,106000,2,white
1965,Zara Hernandez,33,local,2021,59000,2,red
1966,Ryker Williams,47,local,2022,86000,1,black
1967,Erick Hale,35,local,2021,79000,3,black
1968,Maya Fields,40,local,2021,53000,4,white
1969,Abel Kaminski,37,online,2021,79000,2,black
1970,Monica Manning,44,online,2021,110000,1,green
1971,Maddison Brown,35,local,2023,64000,5,red
1972,Jackson Sanchez,43,local,2020,48000,5,black
1973,Everett Jimenez,30,local,2023,116000,2,red
1974,Skyler Calhoun,30,local,2021,163000,1,black
1975,Juniper Gardner,47,phone,2021,77000,3,black
1976,Wyatt Gomez,22,local,2023,85000,1,black
1977,Evangeline Anderson,30,phone,2021,103000,2,red
1978,Lincoln Brown,52,local,2020,89000,1,black
1979,Aylin Adams,24,local,2022,112000,3,blue
1980,Rylee Romero,30,local,2022,59000,1,green
1981,Royal Carr,37,online,2022,38000,4,blue
1982,Allison Ramos,53,phone,2018,94000,2,orange
1983,Raina Tyler,43,local,2023,83000,2,red
1984,Alayna lark,36,local,2018,118000,2,blue
1985,Asher Wagner,54,local,2020,83000,7,red
1986,Tiffany Russell,56,local,2021,105000,2,orange
1987,Andrew Rose,45,local,2022,73000,4,white
1988,Peyton Garcia,34,local,2023,103000,2,black
1989,Dylan Hill,27,local,2023,76000,1,blue
1990,Edwin Flores,55,local,2019,152000,1,orange
1991,Maggie Martinez,29,local,2023,178000,1,red
1992,Jacob Cameron,30,phone,2022,26000,2,blue
1993,Brevin Hammond,30,local,2023,111000,4,white
1994,Russell Cruz,46,online,2022,99000,4,green
1995,Sarah Lang,43,phone,2019,84000,4,blue
1996,Maxine Pope,36,local,2020,29000,2,blue
1997,Camilla Wolfe,46,local,2020,62000,2,purple
1998,Karina Knight,36,local,2020,64000,1,orange
1999,Sebastian Winters,55,local,2020,93000,1,purple
2000,Hadassah Wade,29,local,2021,150000,4,black
